Brand,Model,YOM,Mileage,Gear,Fuel Type,Engine (cc),Condition,Ad Date,Location,Price,URL
BMW,218i M Sport,2023,"18,000 km",Automatic,Petrol,1500,Registered (Used),"2026 Aug 09, 9:41 am",Colombo,Rs. 25600000,https://riyasewana.com/buy/bmw-218i-m-sale-colombo-12109431
BMW,218i,2016,"94,161 km",Automatic,Petrol,1500,Registered (Used),"2026 Jun 21, 12:50 pm",Dehiwala-Mount-Lavinia,Rs. 19500000,https://riyasewana.com/buy/bmw-218i-sale-dehiwala-mount-lavinia-11826779
BMW,218i,2018,"70,000 km",Automatic,Petrol,1500,Registered (Used),"2026 Aug 11, 1:02 pm",Dehiwala-Mount-Lavinia,Rs. 23500000,https://riyasewana.com/buy/bmw-218i-sale-dehiwala-mount-lavinia-12122001
BMW,218imsport,2024,600 km,Automatic,Petrol,1500,Registered (Used),"2026 Jul 09, 11:28 am",Matara,Negotiable,https://riyasewana.com/buy/bmw-218imsport-sale-matara-11924505
BMW,225xd,2019,"48,000 km",Automatic,Petrol,1498,Registered (Used),"2026 Jul 22, 10:21 pm",Panadura,Rs. 13700000,https://riyasewana.com/buy/bmw-225xd-sale-panadura-12006681
BMW,225xe,2018,"64,000 km",Automatic,Petrol,,Registered (Used),"2026 Aug 02, 2:57 pm",Ambalangoda,Rs. 16000000,https://riyasewana.com/buy/bmw-225xe-sale-ambalangoda-12070970
BMW,225Xe,2018,110 km,Automatic,Petrol,1500,Registered (Used),"2026 Aug 06, 1:19 pm",Ambalangoda,Rs. 14500000,https://riyasewana.com/buy/bmw-225xe-sale-ambalangoda-12092440
BMW,225xe,2017,"21,550 km",Automatic,Hybrid,1499,Registered (Used),"2026 Jun 27, 12:14 pm",Colombo,Rs. 17500000,https://riyasewana.com/buy/bmw-225xe-sale-colombo-11859673
BMW,225xe,2017,"59,600 km",Automatic,Hybrid,1499,Registered (Used),"2026 Aug 02, 9:17 am",Kandy,Rs. 15900000,https://riyasewana.com/buy/bmw-225xe-sale-kandy-12068367
BMW,316i,2015,"157,800 km",Automatic,Petrol,1600,Registered (Used),"2026 Jul 24, 10:11 am",Colombo,Rs. 15750000,https://riyasewana.com/buy/bmw-316i-sale-colombo-12014666
BMW,316i,2014,"135,000 km",Automatic,Petrol,1600,Registered (Used),"2026 Jul 18, 8:05 pm",Galle,Rs. 16500000,https://riyasewana.com/buy/bmw-316i-sale-galle-11982829
BMW,316i,2015,"120,000 km",Automatic,Petrol,1600,Registered (Used),"2026 Aug 03, 3:05 pm",Galle,Rs. 170000,https://riyasewana.com/buy/bmw-316i-sale-galle-12076300
BMW,316i,2017,"133,000 km",Automatic,Petrol,1600,Registered (Used),"2026 May 18, 3:38 pm",Homagama,Rs. 16100000,https://riyasewana.com/buy/bmw-316i-sale-homagama-11657294
BMW,316i,2015,"97,000 km",Automatic,Petrol,1600,Registered (Used),"2026 Jun 13, 12:21 pm",Kottawa,Rs. 16000000,https://riyasewana.com/buy/bmw-316i-sale-kottawa-11782518
BMW,316i,2015,"157,000 km",Automatic,Petrol,1600,Registered (Used),"2026 Jul 08, 4:32 pm",Nugegoda,Rs. 16200000,https://riyasewana.com/buy/bmw-316i-sale-nugegoda-11920578
BMW,318I E36,1992,"161,000 km",Automatic,Petrol,1800,Registered (Used),"2026 Aug 11, 12:51 pm",Malabe,Rs. 4200000,https://riyasewana.com/buy/bmw-318i-e36-sale-malabe-12121953
BMW,318i E46,1998,"129,000 km",Automatic,Petrol,1890,Registered (Used),"2026 Jul 21, 1:44 am",Kalutara,Rs. 6700000,https://riyasewana.com/buy/bmw-318i-e46-sale-kalutara-11995194
BMW,318I Luxury,2018,"29,000 km",Automatic,Petrol,1490,Registered (Used),"2026 Aug 09, 11:09 am",Bandaragama,Rs. 20000000,https://riyasewana.com/buy/bmw-318i-luxury-sale-bandaragama-12110348
BMW,318i Luxury Line,2016,"64,000 km",Automatic,Petrol,1500,Registered (Used),"2026 Aug 03, 12:32 pm",Colombo,Rs. 17500000,https://riyasewana.com/buy/bmw-318i-luxury-sale-colombo-12075550
BMW,318i Luxury Line,2016,"63,000 km",Automatic,Petrol,1500,Registered (Used),"2026 Jun 05, 11:36 am",Negombo,Rs. 16600000,https://riyasewana.com/buy/bmw-318i-luxury-sale-negombo-11739903
BMW,318i M Sport Australian Spec,2018,"56,000 km",Automatic,Petrol,1500,Registered (Used),"2026 Jul 14, 10:34 am",Colombo,Rs. 19900000,https://riyasewana.com/buy/bmw-318i-m-sale-colombo-11954761
BMW,318i M Sport Australian Spec,2018,"56,000 km",Automatic,Petrol,1500,Registered (Used),"2026 Jul 27, 2:51 pm",Colombo,Rs. 19900000,https://riyasewana.com/buy/bmw-318i-m-sale-colombo-12035557
BMW,318i M Sport Aus Spec,2018,"45,000 km",Automatic,Petrol,1500,Registered (Used),"2026 Aug 01, 3:09 pm",Colombo,Rs. 19550000,https://riyasewana.com/buy/bmw-318i-m-sale-colombo-12064918
BMW,318i M Sport,2018,"73,000 km",Automatic,Petrol,1500,Registered (Used),"2026 Aug 02, 1:33 pm",Colombo,Rs. 17600000,https://riyasewana.com/buy/bmw-318i-m-sale-colombo-12070552
BMW,318i M Sport M3 Kitted,2016,"71,000 km",Automatic,Petrol,1500,Registered (Used),"2026 Aug 03, 7:37 pm",Colombo,Rs. 15900000,https://riyasewana.com/buy/bmw-318i-m-sale-colombo-12077311
BMW,318i M Sport,2018,"100,000 km",Automatic,Petrol,1500,Registered (Used),"2026 Aug 10, 6:47 pm",Colombo,Rs. 18000000,https://riyasewana.com/buy/bmw-318i-m-sale-colombo-12118071
BMW,318i M Sport,2017,"79,000 km",Automatic,Petrol,1490,Registered (Used),"2026 Aug 05, 6:18 pm",Dehiwala-Mount-Lavinia,Rs. 18500000,https://riyasewana.com/buy/bmw-318i-m-sale-dehiwala-mount-lavinia-12088177
BMW,318i M Sport Aus Spec,2018,"55,000 km",Automatic,Petrol,1500,Registered (Used),"2026 Jun 15, 11:31 am",Kandy,Rs. 20500000,https://riyasewana.com/buy/bmw-318i-m-sale-kandy-11793071
BMW,318i M Sport Estoril Blue,2018,"35,000 km",Automatic,Petrol,1500,Registered (Used),"2026 Aug 11, 5:00 pm",Malabe,Negotiable,https://riyasewana.com/buy/bmw-318i-m-sale-malabe-12082113
BMW,318i M Sport,2018,"37,500 km",Automatic,Petrol,1490,Registered (Used),"2026 Aug 08, 11:16 am",Minuwangoda,Negotiable,https://riyasewana.com/buy/bmw-318i-m-sale-minuwangoda-12104044
BMW,318i M-Sport,2018,"97,500 km",Automatic,Petrol,1500,Registered (Used),"2026 Aug 04, 2:30 pm",Colombo,Rs. 19500000,https://riyasewana.com/buy/bmw-318i-m-sport-sale-colombo-12081388
BMW,318i MSport,2016,"99,000 km",Automatic,Petrol,1500,Registered (Used),"2026 May 19, 6:47 pm",Colombo,Rs. 17450000,https://riyasewana.com/buy/bmw-318i-msport-sale-colombo-11663001
BMW,318i Msport,2017,"158,000 km",Automatic,Petrol,1500,Registered (Used),"2026 Aug 02, 8:26 am",Kottawa,Rs. 17800000,https://riyasewana.com/buy/bmw-318i-msport-sale-kottawa-12067849
BMW,318i Msport,2017,"28,000 km",Automatic,Petrol,1500,Registered (Used),"2026 Jul 22, 9:01 am",Matara,Rs. 20500000,https://riyasewana.com/buy/bmw-318i-msport-sale-matara-12002161
BMW,318i,2017,"70,000 km",Automatic,Petrol,1500,Registered (Used),"2026 Jun 09, 3:31 pm",Bandaragama,Rs. 19500000,https://riyasewana.com/buy/bmw-318i-sale-bandaragama-11762029
BMW,318i,2018,"122,000 km",Automatic,Petrol,1500,Registered (Used),"2026 Jun 06, 2:15 pm",Boralesgamuwa,Rs. 18500000,https://riyasewana.com/buy/bmw-318i-sale-boralesgamuwa-11746340
BMW,318i,2018,"48,000 km",Automatic,Petrol,1500,Registered (Used),"2026 Aug 05, 11:47 am",Boralesgamuwa,Rs. 21500000,https://riyasewana.com/buy/bmw-318i-sale-boralesgamuwa-12086136
BMW,318I,2018,"89,500 km",Automatic,Petrol,1500,Registered (Used),"2026 Jun 16, 3:09 am",Colombo,Rs. 1950000,https://riyasewana.com/buy/bmw-318i-sale-colombo-11796294
BMW,318i,2018,"75,000 km",Automatic,Petrol,1500,Registered (Used),"2026 Jun 25, 12:14 am",Colombo,Negotiable,https://riyasewana.com/buy/bmw-318i-sale-colombo-11845461
BMW,318i,2018,"112,000 km",Automatic,Petrol,1500,Registered (Used),"2026 Jun 27, 8:04 pm",Colombo,Rs. 20000000,https://riyasewana.com/buy/bmw-318i-sale-colombo-11861832
BMW,318i,2018,"48,000 km",Automatic,Petrol,1500,Registered (Used),"2026 Jul 13, 8:04 am",Colombo,Rs. 21500000,https://riyasewana.com/buy/bmw-318i-sale-colombo-11947532
BMW,318i,2018,"75,000 km",Automatic,Petrol,1500,Registered (Used),"2026 Jul 14, 1:36 pm",Colombo,Rs. 18500000,https://riyasewana.com/buy/bmw-318i-sale-colombo-11956116
BMW,318i,2017,"84,000 km",Automatic,Petrol,1500,Registered (Used),"2026 Jul 22, 2:05 pm",Colombo,Negotiable,https://riyasewana.com/buy/bmw-318i-sale-colombo-12004426
BMW,318i,2017,"125,000 km",Automatic,Petrol,1500,Registered (Used),"2026 Aug 06, 11:21 am",Colombo,Rs. 17190000,https://riyasewana.com/buy/bmw-318i-sale-colombo-12091650
BMW,318i,2018,"56,000 km",Automatic,Petrol,,Registered (Used),"2026 Aug 09, 11:43 am",Colombo,Negotiable,https://riyasewana.com/buy/bmw-318i-sale-colombo-12110724
BMW,318i,2018,"74,000 km",Automatic,Petrol,1490,Unregistered (Recondition),"2026 Aug 11, 3:03 pm",Colombo,Rs. 20000000,https://riyasewana.com/buy/bmw-318i-sale-colombo-12122659
BMW,318i,2016,"110,000 km",Automatic,Petrol,1500,Registered (Used),"2026 Jul 02, 7:28 pm",Kadawatha,Rs. 17800000,https://riyasewana.com/buy/bmw-318i-sale-kadawatha-11886122
BMW,318i,2016,"51,000 km",Automatic,Petrol,1500,Registered (Used),"2026 Aug 08, 6:37 pm",Kadawatha,Rs. 18500000,https://riyasewana.com/buy/bmw-318i-sale-kadawatha-12106613
BMW,318i,2018,"140,000 km",Automatic,Petrol,1499,Registered (Used),"2026 Aug 09, 4:21 pm",Kandy,Rs. 19000000,https://riyasewana.com/buy/bmw-318i-sale-kandy-12112216
BMW,318i,2019,"55,000 km",Automatic,Petrol,1490,Registered (Used),"2026 Aug 11, 6:58 pm",Kesbewa,Rs. 20500000,https://riyasewana.com/buy/bmw-318i-sale-kesbewa-12123728
BMW,318i,2015,"110,000 km",Automatic,Petrol,1600,Registered (Used),"2026 May 25, 12:29 pm",Kottawa,Rs. 16800000,https://riyasewana.com/buy/bmw-318i-sale-kottawa-11692545
BMW,318i,2017,"97,000 km",Automatic,Petrol,1500,Registered (Used),"2026 Jun 12, 3:04 pm",Kuliyapitiya,Rs. 19800000,https://riyasewana.com/buy/bmw-318i-sale-kuliyapitiya-11777162
BMW,318i,2018,"39,000 km",Automatic,Petrol,1500,Registered (Used),"2026 Jul 17, 10:26 am",Kurunegala,Negotiable,https://riyasewana.com/buy/bmw-318i-sale-kurunegala-11971964
BMW,318i,2017,"34,000 km",Automatic,Petrol,1500,Registered (Used),"2026 Jul 11, 9:11 am",Matale,Negotiable,https://riyasewana.com/buy/bmw-318i-sale-matale-11935862
BMW,318i,2018,130 km,Automatic,Petrol,1500,Registered (Used),"2026 Jun 25, 5:00 pm",Matara,Rs. 20000000,https://riyasewana.com/buy/bmw-318i-sale-matara-11849453
BMW,318i,2019,"34,000 km",Automatic,Petrol,1500,Registered (Used),"2026 May 28, 3:59 pm",Negombo,Rs. 20000000,https://riyasewana.com/buy/bmw-318i-sale-negombo-11707706
BMW,318i,2018,"103,000 km",Automatic,Petrol,1500,Registered (Used),"2026 Jul 28, 3:19 pm",Nugegoda,Rs. 16900000,https://riyasewana.com/buy/bmw-318i-sale-nugegoda-12041346
BMW,318i,2018,"56,000 km",Automatic,Petrol,1500,Registered (Used),"2026 Aug 07, 5:48 pm",Nugegoda,Rs. 19500000,https://riyasewana.com/buy/bmw-318i-sale-nugegoda-12099346
BMW,318i,2011,"120,000 km",Automatic,Petrol,2009,Registered (Used),"2026 Aug 08, 7:47 pm",Panadura,Rs. 9750000,https://riyasewana.com/buy/bmw-318i-sale-panadura-12106957
BMW,318i,2016,0 km,Automatic,Petrol,1500,Registered (Used),"2026 Aug 11, 5:37 pm",Panadura,Rs. 17800000,https://riyasewana.com/buy/bmw-318i-sale-panadura-12123362
BMW,318i,2017,"89,000 km",Automatic,Petrol,1500,Registered (Used),"2026 Jul 01, 2:14 pm",Tangalle,Rs. 17300000,https://riyasewana.com/buy/bmw-318i-sale-tangalle-11879084
BMW,318i Se,2010,"128,000 km",Manual,Petrol,2000,Registered (Used),"2026 Aug 07, 7:48 pm",Colombo,Rs. 11800000,https://riyasewana.com/buy/bmw-318i-se-sale-colombo-12100021
BMW,318i Sport Line,2016,110 km,Automatic,Petrol,1500,Registered (Used),"2026 Jul 29, 8:30 am",Kadawatha,Rs. 17100000,https://riyasewana.com/buy/bmw-318i-sport-sale-kadawatha-12044288
BMW,318i SPORT PLUS,2020,"48,200 km",Automatic,Petrol,1500,Registered (Used),"2026 Aug 03, 1:25 pm",Negombo,Negotiable,https://riyasewana.com/buy/bmw-318i-sport-sale-negombo-12075858
BMW,320D E46,2000,"80,000 km",Manual,Diesel,2000,Registered (Used),"2026 Aug 08, 10:39 am",Malabe,Rs. 7000000,https://riyasewana.com/buy/bmw-320d-e46-sale-malabe-12103696
BMW,320D F30 Car,2014,"223,000 km",Automatic,Diesel,2000,Registered (Used),"2026 Aug 11, 9:55 am",Colombo,Rs. 16500000,https://riyasewana.com/buy/bmw-320d-f30-sale-colombo-12120628
BMW,320D Luxury Line,2014,"115,000 km",Automatic,Diesel,2000,Registered (Used),"2026 Jul 28, 12:54 pm",Ja-Ela,Rs. 19000000,https://riyasewana.com/buy/bmw-320d-luxury-sale-ja-ela-12040622
BMW,320D,2011,"237,000 km",Automatic,Diesel,2000,Registered (Used),"2026 May 19, 3:27 pm",Colombo,Rs. 12750000,https://riyasewana.com/buy/bmw-320d-sale-colombo-11662195
BMW,320D,1999,"150,000 km",Manual,Diesel,2000,Registered (Used),"2026 Jun 19, 12:22 pm",Colombo,Rs. 6950000,https://riyasewana.com/buy/bmw-320d-sale-colombo-11814494
BMW,320D,2011,"170,000 km",Automatic,Diesel,1995,Registered (Used),"2026 Jul 11, 1:29 pm",Colombo,Rs. 13000000,https://riyasewana.com/buy/bmw-320d-sale-colombo-11938304
BMW,320D,2012,"81,500 km",Automatic,Diesel,2000,Registered (Used),"2026 Aug 11, 2:09 pm",Colombo,Negotiable,https://riyasewana.com/buy/bmw-320d-sale-colombo-12122386
BMW,320D,2013,"204,693 km",Automatic,Diesel,1995,Registered (Used),"2026 Aug 08, 3:34 pm",Homagama,Rs. 14500000,https://riyasewana.com/buy/bmw-320d-sale-homagama-12105712
BMW,320D,2002,"190,000 km",Manual,Diesel,2000,Registered (Used),"2026 Jul 25, 7:23 pm",Kadawatha,Rs. 7000000,https://riyasewana.com/buy/bmw-320d-sale-kadawatha-12025103
BMW,320D,1999,"150,000 km",Manual,Diesel,2000,Registered (Used),"2026 Jul 16, 3:08 pm",Kalutara,Rs. 5850000,https://riyasewana.com/buy/bmw-320d-sale-kalutara-11967989
BMW,320D,2011,11 km,Automatic,Diesel,2000,Registered (Used),"2026 Jun 15, 12:22 pm",Kesbewa,Rs. 11200000,https://riyasewana.com/buy/bmw-320d-sale-kesbewa-11793399
BMW,320D,2011,0 km,Automatic,Diesel,2000,Registered (Used),"2026 Jun 04, 9:35 am",Kottawa,Rs. 1250000,https://riyasewana.com/buy/bmw-320d-sale-kottawa-11734402
BMW,320D,2011,560 km,Automatic,Diesel,,Registered (Used),"2026 Jun 21, 8:28 am",Kottawa,Rs. 12700000,https://riyasewana.com/buy/bmw-320d-sale-kottawa-11824607
BMW,320D,2011,"1,111 km",Automatic,Diesel,2000,Registered (Used),"2026 Jun 24, 9:32 am",Kottawa,Negotiable,https://riyasewana.com/buy/bmw-320d-sale-kottawa-11841355
BMW,320D,2013,,Automatic,Diesel,2000,Registered (Used),"2026 Aug 02, 11:13 am",Kottawa,Rs. 11700000,https://riyasewana.com/buy/bmw-320d-sale-kottawa-12069547
BMW,320D,2012,"160,000 km",Automatic,Petrol,2000,Registered (Used),"2026 Aug 08, 8:30 am",Kottawa,Rs. 11500000,https://riyasewana.com/buy/bmw-320d-sale-kottawa-12102140
BMW,320D,2012,"123,000 km",Automatic,Diesel,2000,Registered (Used),"2026 Jul 09, 7:10 am",Maharagama,Negotiable,https://riyasewana.com/buy/bmw-320d-sale-maharagama-11922477
BMW,320D,2000,"140,000 km",Manual,Diesel,2000,Registered (Used),"2026 Jul 24, 11:34 pm",Malabe,Rs. 7000000,https://riyasewana.com/buy/bmw-320d-sale-malabe-12018932
BMW,320D,2011,"131,000 km",Automatic,Diesel,2000,Registered (Used),"2026 Jul 12, 12:33 pm",Nugegoda,Rs. 12000000,https://riyasewana.com/buy/bmw-320d-sale-nugegoda-11944143
BMW,320d,2011,"160,400 km",Automatic,Diesel,2000,Registered (Used),"2026 Jul 22, 3:31 pm",Nugegoda,Rs. 12600000,https://riyasewana.com/buy/bmw-320d-sale-nugegoda-12004868
BMW,320D,2011,"160,000 km",Automatic,Diesel,2000,Registered (Used),"2026 Jul 08, 9:14 pm",Ratnapura,Rs. 10800000,https://riyasewana.com/buy/bmw-320d-sale-ratnapura-11921799
BMW,320i,2011,"116,585 km",Automatic,Petrol,2000,Registered (Used),"2026 Jun 01, 4:26 pm",Anuradapura,Rs. 2200000,https://riyasewana.com/buy/bmw-320i-sale-anuradapura-11722279
BMW,320i,2011,"88,000 km",Automatic,Petrol,2000,Registered (Used),"2026 Jul 01, 8:53 pm",Colombo,Rs. 11000000,https://riyasewana.com/buy/bmw-320i-sale-colombo-11880816
BMW,320i,2011,"109,700 km",Automatic,Petrol,,Registered (Used),"2026 Jul 11, 10:57 am",Dambulla,Rs. 11500000,https://riyasewana.com/buy/bmw-320i-sale-dambulla-11937081
BMW,320i,2010,"82,000 km",Automatic,Petrol,2000,Registered (Used),"2026 Jun 08, 2:14 pm",Dehiwala-Mount-Lavinia,Rs. 12000000,https://riyasewana.com/buy/bmw-320i-sale-dehiwala-mount-lavinia-11756830
BMW,320i,2008,"145,000 km",Automatic,Petrol,1998,Registered (Used),"2026 Aug 02, 11:00 am",Kotte,Rs. 8900000,https://riyasewana.com/buy/bmw-320i-sale-kotte-12069408
BMW,320i,2007,"149,300 km",Automatic,Petrol,2000,Registered (Used),"2026 May 25, 3:13 pm",Matara,Rs. 9800000,https://riyasewana.com/buy/bmw-320i-sale-matara-11693334
BMW,330e M Sport,2016,"96,000 km",Automatic,Petrol,2000,Registered (Used),"2026 Jun 22, 9:31 am",Anuradapura,Rs. 25200000,https://riyasewana.com/buy/bmw-330e-m-sale-anuradapura-11830541
BMW,330E M Sport,2016,"62,500 km",Automatic,Hybrid,2000,Registered (Used),"2026 Jun 05, 1:44 pm",Kadawatha,Rs. 25900000,https://riyasewana.com/buy/bmw-330e-m-sale-kadawatha-11740494
BMW,330e M Sport,2016,"78,800 km",Automatic,Hybrid,2000,Registered (Used),"2026 Jun 19, 9:49 pm",Negombo,Rs. 23500000,https://riyasewana.com/buy/bmw-330e-m-sale-negombo-11817244
BMW,335i,2013,"83,000 km",Automatic,Petrol,3000,Registered (Used),"2026 Jun 04, 10:31 am",Colombo,Rs. 19000000,https://riyasewana.com/buy/bmw-335i-sale-colombo-11734803
BMW,420d M Sport,2014,"66,000 km",Automatic,Diesel,2000,Registered (Used),"2026 Aug 04, 2:50 pm",Colombo,Rs. 30500000,https://riyasewana.com/buy/bmw-420d-m-sale-colombo-12081468
BMW,430i M Sport Coupe,2017,"30,000 km",Automatic,Petrol,2000,Registered (Used),"2026 Aug 06, 2:51 pm",Colombo,Rs. 36000000,https://riyasewana.com/buy/bmw-430i-m-sale-colombo-12092859
BMW,430i,2018,"34,000 km",Automatic,Petrol,2000,Registered (Used),"2026 Jun 22, 2:46 pm",Colombo,Rs. 38000000,https://riyasewana.com/buy/bmw-430i-sale-colombo-11832577
BMW,518i,1993,198 km,Manual,Petrol,2000,Registered (Used),"2026 Jul 05, 8:14 pm",Colombo,Rs. 28000000,https://riyasewana.com/buy/bmw-518i-sale-colombo-11904811
BMW,520 M5,2013,"156,000 km",Automatic,Diesel,,Registered (Used),"2026 Aug 05, 12:37 pm",Matara,Rs. 19950000,https://riyasewana.com/buy/bmw-520-m5-sale-matara-12086455
BMW,520,2013,"152,000 km",Automatic,Diesel,2000,Registered (Used),"2026 Aug 07, 3:00 pm",Matara,Negotiable,https://riyasewana.com/buy/bmw-520-sale-matara-12098465
BMW,520D- M Sport- Twin Turbo- 3,2013,"125,000 km",Automatic,Diesel,2000,Registered (Used),"2026 Aug 08, 8:31 am",Katunayake,Rs. 17500000,https://riyasewana.com/buy/bmw-520d--m-sale-katunayake-12102148
BMW,520D 3,2013,"110,000 km",Automatic,Diesel,,Registered (Used),"2026 Jun 08, 1:43 am",Colombo,Rs. 21000000,https://riyasewana.com/buy/bmw-520d-3-sale-colombo-11753868
BMW,520D 3 Option,2013,"120,000 km",Automatic,Diesel,2000,Registered (Used),"2026 Jul 06, 12:10 pm",Matara,Rs. 19850000,https://riyasewana.com/buy/bmw-520d-3-sale-matara-11907852
BMW,520d 3Option,2014,"155,000 km",Automatic,Diesel,2000,Registered (Used),"2026 Aug 06, 7:08 am",Colombo,Rs. 20200000,https://riyasewana.com/buy/bmw-520d-3option-sale-colombo-12089581
BMW,520D 5 Series,2013,1 km,Automatic,Diesel,1995,Registered (Used),"2026 Jul 09, 12:31 am",Gampaha,Rs. 19800000,https://riyasewana.com/buy/bmw-520d-5-sale-gampaha-11922138
BMW,520D F10,2014,"93,000 km",Automatic,Diesel,2000,Registered (Used),"2026 Aug 10, 4:47 pm",Gampaha,Rs. 23500000,https://riyasewana.com/buy/bmw-520d-f10-sale-gampaha-12117631
BMW,520D F10 3 Option,2016,"108,000 km",Automatic,Diesel,1995,Registered (Used),"2026 Aug 09, 5:49 pm",Kuliyapitiya,Negotiable,https://riyasewana.com/buy/bmw-520d-f10-sale-kuliyapitiya-12112621
BMW,520D F10 Msport,2015,"123,500 km",Automatic,Diesel,2000,Registered (Used),"2026 Jul 13, 7:48 am",Nittambuwa,Rs. 27500000,https://riyasewana.com/buy/bmw-520d-f10-sale-nittambuwa-11947452
BMW,520D GT,2013,"90,100 km",Automatic,Diesel,2000,Registered (Used),"2026 Jul 28, 4:18 pm",Colombo,Rs. 21000000,https://riyasewana.com/buy/bmw-520d-gt-sale-colombo-12041593
BMW,520D GT Edition,2013,"145,000 km",Automatic,Diesel,2000,Registered (Used),"2026 Aug 11, 12:26 pm",Dehiwala-Mount-Lavinia,Negotiable,https://riyasewana.com/buy/bmw-520d-gt-sale-dehiwala-mount-lavinia-12121795
BMW,520D M Sport,2013,"14,000 km",Automatic,Diesel,2000,Registered (Used),"2026 Jul 27, 8:59 pm",Colombo,Negotiable,https://riyasewana.com/buy/bmw-520d-m-sale-colombo-12037146
BMW,520D M Sport Plus 1 Of 15,2015,"80,000 km",Automatic,Diesel,2000,Registered (Used),"2026 Aug 03, 1:37 pm",Colombo,Rs. 25500000,https://riyasewana.com/buy/bmw-520d-m-sale-colombo-12075916
BMW,520D M Sport,2013,"136,000 km",Automatic,Diesel,2000,Registered (Used),"2026 May 15, 11:42 pm",Galle,Rs. 24500000,https://riyasewana.com/buy/bmw-520d-m-sale-galle-11642633
BMW,520D M Sport,2012,"115,000 km",Automatic,Diesel,2000,Registered (Used),"2026 Jul 25, 12:29 am",Kelaniya,Rs. 18700000,https://riyasewana.com/buy/bmw-520d-m-sale-kelaniya-12018992
BMW,520D M Sport,2015,"65,000 km",Automatic,Diesel,1995,Registered (Used),"2026 Jul 15, 3:02 pm",Kuliyapitiya,Rs. 28700000,https://riyasewana.com/buy/bmw-520d-m-sale-kuliyapitiya-11962281
BMW,520D M SPORT,2015,"66,000 km",Automatic,Diesel,1995,Registered (Used),"2026 Jul 27, 12:14 pm",Kuliyapitiya,Rs. 28750000,https://riyasewana.com/buy/bmw-520d-m-sale-kuliyapitiya-12034622
BMW,520D M SPORT,2016,1 km,Automatic,Diesel,,Registered (Used),"2026 Jun 06, 1:59 pm",Kurunegala,Negotiable,https://riyasewana.com/buy/bmw-520d-m-sale-kurunegala-11746241
BMW,520D M Sport,2013,"125,000 km",Automatic,Diesel,2000,Registered (Used),"2026 Jul 07, 8:44 am",Matara,Negotiable,https://riyasewana.com/buy/bmw-520d-m-sale-matara-11911761
BMW,520D M Sport,2012,"1,111 km",Automatic,Diesel,2000,Registered (Used),"2026 Jun 17, 7:35 pm",Negombo,Negotiable,https://riyasewana.com/buy/bmw-520d-m-sale-negombo-11806126
BMW,520D M Sport,2013,"11,111 km",Automatic,Diesel,2000,Registered (Used),"2026 Jun 19, 8:12 pm",Negombo,Negotiable,https://riyasewana.com/buy/bmw-520d-m-sale-negombo-11816800
BMW,520D M Sport,2013,"124,811 km",Automatic,Diesel,2000,Registered (Used),"2026 Jul 07, 6:17 pm",Negombo,Negotiable,https://riyasewana.com/buy/bmw-520d-m-sale-negombo-11915215
BMW,520D M Sport,2012,"112,000 km",Automatic,Diesel,2000,Registered (Used),"2026 Aug 03, 3:05 pm",Nittambuwa,Rs. 19500000,https://riyasewana.com/buy/bmw-520d-m-sale-nittambuwa-12076301
BMW,520D M Sport,2012,"53,125 km",Automatic,Petrol,2000,Registered (Used),"2026 Aug 04, 11:50 am",Nugegoda,Rs. 19400000,https://riyasewana.com/buy/bmw-520d-m-sale-nugegoda-12080467
BMW,520d Msport,2015,"129,500 km",Automatic,Diesel,,Registered (Used),"2026 Aug 04, 11:48 am",Badulla,Rs. 26450000,https://riyasewana.com/buy/bmw-520d-msport-sale-badulla-12080449
BMW,520D Msport,2012,"169,000 km",Automatic,Diesel,2000,Registered (Used),"2026 Jun 17, 7:44 pm",Colombo,Negotiable,https://riyasewana.com/buy/bmw-520d-msport-sale-colombo-11806169
BMW,520D Msport,2012,"124,000 km",Automatic,Diesel,2000,Registered (Used),"2026 Aug 09, 5:05 pm",Kiribathgoda,Negotiable,https://riyasewana.com/buy/bmw-520d-msport-sale-kiribathgoda-12059911
BMW,520D MSport,2013,,Automatic,Diesel,2000,Registered (Used),"2026 Aug 07, 12:49 pm",Kotte,Negotiable,https://riyasewana.com/buy/bmw-520d-msport-sale-kotte-12097712
BMW,520D,2013,"202,000 km",Automatic,Diesel,2000,Registered (Used),"2026 May 24, 7:12 pm",Anuradapura,Rs. 23500000,https://riyasewana.com/buy/bmw-520d-sale-anuradapura-11689404
BMW,520d,2012,"76,000 km",Automatic,Diesel,2000,Registered (Used),"2026 May 25, 4:41 pm",Battaramulla,Rs. 18900000,https://riyasewana.com/buy/bmw-520d-sale-battaramulla-11693690
BMW,520D,2012,"47,000 km",Automatic,Petrol,2000,Registered (Used),"2026 Aug 08, 6:15 pm",Boralesgamuwa,Rs. 18800000,https://riyasewana.com/buy/bmw-520d-sale-boralesgamuwa-12106517
BMW,520D,2012,"174,000 km",Automatic,Diesel,2000,Registered (Used),"2026 May 19, 12:53 pm",Colombo,Rs. 20200000,https://riyasewana.com/buy/bmw-520d-sale-colombo-11661498
BMW,520D,2012,"115,446 km",Automatic,Diesel,2000,Registered (Used),"2026 May 31, 3:13 pm",Colombo,Rs. 16800000,https://riyasewana.com/buy/bmw-520d-sale-colombo-11717559
BMW,520D,2012,"12,345 km",Automatic,Diesel,2000,Registered (Used),"2026 Jun 19, 10:17 pm",Colombo,Negotiable,https://riyasewana.com/buy/bmw-520d-sale-colombo-11817328
BMW,520D,2014,"172,000 km",Automatic,Diesel,2000,Registered (Used),"2026 Jul 02, 8:38 am",Colombo,Rs. 21700000,https://riyasewana.com/buy/bmw-520d-sale-colombo-11882130
BMW,520D,2013,"165,000 km",Automatic,Diesel,20000,Registered (Used),"2026 Jul 10, 4:15 pm",Colombo,Rs. 18650000,https://riyasewana.com/buy/bmw-520d-sale-colombo-11932048
BMW,520D,2012,,Automatic,Diesel,2000,Registered (Used),"2026 Jul 13, 3:38 pm",Colombo,Rs. 16800000,https://riyasewana.com/buy/bmw-520d-sale-colombo-11950713
BMW,520D,2013,"49,000 km",Automatic,Diesel,2000,Registered (Used),"2026 Jul 16, 7:12 pm",Colombo,Rs. 21700000,https://riyasewana.com/buy/bmw-520d-sale-colombo-11969100
BMW,520D,2013,"140,000 km",Automatic,Diesel,2000,Registered (Used),"2026 Jul 27, 10:05 pm",Colombo,Rs. 16600000,https://riyasewana.com/buy/bmw-520d-sale-colombo-12037407
BMW,520d,2015,"94,500 km",Automatic,Diesel,2000,Registered (Used),"2026 Aug 04, 2:37 pm",Colombo,Rs. 30000000,https://riyasewana.com/buy/bmw-520d-sale-colombo-12081422
BMW,520D,2015,"159,000 km",Automatic,Diesel,2000,Registered (Used),"2026 Aug 05, 9:13 am",Colombo,Rs. 20850000,https://riyasewana.com/buy/bmw-520d-sale-colombo-12084821
BMW,520D,2012,"130,000 km",Automatic,Diesel,2000,Registered (Used),"2026 Aug 06, 4:19 pm",Colombo,Rs. 17500000,https://riyasewana.com/buy/bmw-520d-sale-colombo-12093257
BMW,520D,2016,"51,000 km",Automatic,Diesel,2000,Registered (Used),"2026 Aug 06, 5:05 pm",Colombo,Rs. 29500000,https://riyasewana.com/buy/bmw-520d-sale-colombo-12093498
BMW,520D,2013,"130,000 km",Automatic,Diesel,,Registered (Used),"2026 Aug 09, 8:57 am",Colombo,Rs. 19800000,https://riyasewana.com/buy/bmw-520d-sale-colombo-12108917
BMW,520D,2012,"69,000 km",Automatic,Diesel,2000,Registered (Used),"2026 Jul 31, 9:35 am",Dankotuwa,Negotiable,https://riyasewana.com/buy/bmw-520d-sale-dankotuwa-12055545
BMW,520D,2012,"53,125 km",Automatic,Diesel,2000,Registered (Used),"2026 Jul 11, 2:43 pm",Dehiwala-Mount-Lavinia,Rs. 19400000,https://riyasewana.com/buy/bmw-520d-sale-dehiwala-mount-lavinia-11938738
BMW,520D,2012,"69,516 km",Automatic,Diesel,1995,Registered (Used),"2026 Aug 05, 12:31 pm",Galle,Negotiable,https://riyasewana.com/buy/bmw-520d-sale-galle-12086428
BMW,520D,2013,"97,000 km",Automatic,Diesel,1999,Registered (Used),"2026 Aug 08, 6:56 pm",Galle,Negotiable,https://riyasewana.com/buy/bmw-520d-sale-galle-12106687
BMW,520D,2015,"123,995 km",Automatic,Diesel,1993,Registered (Used),"2026 Jul 30, 9:44 am",Gampaha,Rs. 29500000,https://riyasewana.com/buy/bmw-520d-sale-gampaha-12050107
BMW,520D,2015,"83,000 km",Automatic,Diesel,2000,Registered (Used),"2026 Aug 03, 1:38 pm",Gampaha,Rs. 27500000,https://riyasewana.com/buy/bmw-520d-sale-gampaha-12075923
BMW,520D,2013,"130,000 km",Automatic,Diesel,2000,Registered (Used),"2026 Jul 20, 3:05 pm",Homagama,Negotiable,https://riyasewana.com/buy/bmw-520d-sale-homagama-11993091
BMW,520D,2012,"38,500 km",Automatic,Diesel,2000,Registered (Used),"2026 Aug 06, 10:09 pm",Homagama,Rs. 22000000,https://riyasewana.com/buy/bmw-520d-sale-homagama-12094733
BMW,520D,2013,"139,000 km",Automatic,Diesel,1995,Registered (Used),"2026 Aug 01, 11:15 am",Horana,Rs. 17800000,https://riyasewana.com/buy/bmw-520d-sale-horana-12063285
BMW,520D,2012,"125,000 km",Automatic,Diesel,2000,Registered (Used),"2026 Aug 02, 4:34 pm",Kadawatha,Rs. 19250000,https://riyasewana.com/buy/bmw-520d-sale-kadawatha-12071404
BMW,520D,2006,"137,000 km",Automatic,Diesel,2000,Registered (Used),"2026 Jun 15, 2:59 pm",Kandana,Rs. 11000000,https://riyasewana.com/buy/bmw-520d-sale-kandana-11794158
BMW,520D,2013,"165,000 km",Automatic,Diesel,2000,Registered (Used),"2026 Aug 03, 10:18 pm",Katunayake,Rs. 17800000,https://riyasewana.com/buy/bmw-520d-sale-katunayake-12077844
BMW,520D,2013,"145,120 km",Automatic,Diesel,2000,Registered (Used),"2026 Jul 09, 10:14 am",Kegalle,Rs. 18500000,https://riyasewana.com/buy/bmw-520d-sale-kegalle-11923948
BMW,520D,2015,"150,000 km",Automatic,Diesel,2000,Registered (Used),"2026 Jul 28, 6:23 pm",Kiribathgoda,Rs. 20850000,https://riyasewana.com/buy/bmw-520d-sale-kiribathgoda-12042159
BMW,520D,2012,"120,440 km",Automatic,Diesel,1995,Registered (Used),"2026 Jul 31, 3:34 pm",Kotte,Rs. 17000000,https://riyasewana.com/buy/bmw-520d-sale-kotte-12057811
BMW,520D,2012,"145,000 km",Automatic,Diesel,2000,Registered (Used),"2026 Aug 07, 6:00 pm",Kuliyapitiya,Negotiable,https://riyasewana.com/buy/bmw-520d-sale-kuliyapitiya-12099416
BMW,520D,2012,"124,000 km",Automatic,Diesel,1995,Registered (Used),"2026 Aug 11, 6:53 am",Kuliyapitiya,Negotiable,https://riyasewana.com/buy/bmw-520d-sale-kuliyapitiya-12111346
BMW,520D,2014,"165,000 km",Automatic,Diesel,2000,Registered (Used),"2026 Aug 06, 11:08 pm",Kurunegala,Rs. 24500000,https://riyasewana.com/buy/bmw-520d-sale-kurunegala-12094848
BMW,520D,2012,157 km,Automatic,Diesel,,Registered (Used),"2026 Aug 08, 1:29 pm",Kurunegala,Rs. 18750000,https://riyasewana.com/buy/bmw-520d-sale-kurunegala-12105030
BMW,520D,2013,"130,000 km",Automatic,Diesel,2000,Registered (Used),"2026 Jun 14, 3:26 pm",Malabe,Negotiable,https://riyasewana.com/buy/bmw-520d-sale-malabe-11789370
BMW,520D,2012,"159,000 km",Automatic,Diesel,2000,Registered (Used),"2026 Jul 25, 1:33 am",Malabe,Rs. 14750000,https://riyasewana.com/buy/bmw-520d-sale-malabe-12019028
BMW,520D,2014,"110,000 km",Automatic,Diesel,2000,Registered (Used),"2026 Aug 08, 8:52 am",Malabe,Rs. 25000000,https://riyasewana.com/buy/bmw-520d-sale-malabe-12102395
BMW,520D,2016,"130,000 km",Automatic,Diesel,2000,Registered (Used),"2026 Jul 25, 8:08 am",Matara,Rs. 25500000,https://riyasewana.com/buy/bmw-520d-sale-matara-11550587
BMW,520D,2016,"130,000 km",Automatic,Diesel,2000,Registered (Used),"2026 Jul 20, 3:04 pm",Matara,Rs. 25500000,https://riyasewana.com/buy/bmw-520d-sale-matara-11589485
BMW,520D,2016,"130,000 km",Automatic,Diesel,2000,Registered (Used),"2026 Jul 17, 11:29 pm",Matara,Rs. 25400000,https://riyasewana.com/buy/bmw-520d-sale-matara-11885827
BMW,520D,2016,"130,000 km",Automatic,Diesel,2000,Registered (Used),"2026 Jul 15, 3:46 pm",Matara,Rs. 25250000,https://riyasewana.com/buy/bmw-520d-sale-matara-11962484
BMW,520D,2013,"100,000 km",Automatic,Diesel,2000,Registered (Used),"2026 Jul 26, 11:55 pm",Matara,Negotiable,https://riyasewana.com/buy/bmw-520d-sale-matara-12031932
BMW,520D,2015,"160,000 km",Automatic,Diesel,2000,Registered (Used),"2026 Jul 31, 8:38 pm",Matara,Negotiable,https://riyasewana.com/buy/bmw-520d-sale-matara-12059513
BMW,520D,2013,"134,000 km",Automatic,Hybrid,1800,Registered (Used),"2026 Aug 05, 11:13 am",Matara,Negotiable,https://riyasewana.com/buy/bmw-520d-sale-matara-12085875
BMW,520D,2014,"118,000 km",Automatic,Diesel,2000,Registered (Used),"2026 Aug 05, 12:59 pm",Matara,Negotiable,https://riyasewana.com/buy/bmw-520d-sale-matara-12086569
BMW,520D,2012,"90,000 km",Automatic,Diesel,2000,Registered (Used),"2026 Aug 05, 1:54 pm",Matara,Rs. 16950000,https://riyasewana.com/buy/bmw-520d-sale-matara-12086878
BMW,520D,2014,"100,000 km",Automatic,Diesel,2000,Registered (Used),"2026 Aug 06, 10:12 am",Matara,Rs. 23500000,https://riyasewana.com/buy/bmw-520d-sale-matara-12091091
BMW,520D,2013,"130,000 km",Automatic,Diesel,2000,Registered (Used),"2026 Aug 08, 6:59 pm",Matara,Rs. 19850000,https://riyasewana.com/buy/bmw-520d-sale-matara-12106705
BMW,520D,2012,"90,000 km",Automatic,Diesel,2000,Registered (Used),"2026 Aug 08, 7:03 pm",Matara,Rs. 16950000,https://riyasewana.com/buy/bmw-520d-sale-matara-12106726
BMW,520D,2012,"2,114,000 km",Automatic,Diesel,2000,Registered (Used),"2026 Aug 11, 1:13 pm",Matara,Rs. 17900000,https://riyasewana.com/buy/bmw-520d-sale-matara-12122058
BMW,520D,2012,"120,000 km",Automatic,Diesel,2000,Registered (Used),"2026 May 17, 12:55 pm",Negombo,Rs. 19000000,https://riyasewana.com/buy/bmw-520d-sale-negombo-11651485
BMW,520D,2013,"173,000 km",Automatic,Diesel,2000,Registered (Used),"2026 Jun 17, 11:55 am",Negombo,Negotiable,https://riyasewana.com/buy/bmw-520d-sale-negombo-11803891
BMW,520D,2013,"171,000 km",Automatic,Diesel,2000,Registered (Used),"2026 Jul 23, 12:21 pm",Nittambuwa,Rs. 19500000,https://riyasewana.com/buy/bmw-520d-sale-nittambuwa-12009778
BMW,520D,2016,"105,000 km",Automatic,Diesel,2000,Registered (Used),"2026 Jul 22, 12:16 pm",Nugegoda,Rs. 24800000,https://riyasewana.com/buy/bmw-520d-sale-nugegoda-12003793
BMW,520D,2013,"161,000 km",Automatic,Diesel,1990,Registered (Used),"2026 Aug 05, 10:29 am",Nugegoda,Rs. 22000000,https://riyasewana.com/buy/bmw-520d-sale-nugegoda-12085502
BMW,520D,2013,"129,000 km",Automatic,Diesel,2000,Registered (Used),"2026 Aug 05, 9:17 pm",Nugegoda,Rs. 18590000,https://riyasewana.com/buy/bmw-520d-sale-nugegoda-12088892
BMW,520D,2012,"147,100 km",Automatic,Diesel,2000,Registered (Used),"2026 Jul 16, 1:46 pm",Pannipitiya,Rs. 18500000,https://riyasewana.com/buy/bmw-520d-sale-pannipitiya-11967588
BMW,520D,2012,"151,000 km",Automatic,Diesel,2000,Registered (Used),"2026 May 19, 12:47 pm",Puttalam,Rs. 18000000,https://riyasewana.com/buy/bmw-520d-sale-puttalam-11661462
BMW,520D,2012,"151,000 km",Automatic,Diesel,2000,Registered (Used),"2026 Jul 14, 7:20 pm",Puttalam,Rs. 18500000,https://riyasewana.com/buy/bmw-520d-sale-puttalam-11957706
BMW,520D,2006,"130,000 km",Automatic,Diesel,2000,Registered (Used),"2026 Aug 02, 7:06 pm",Ratnapura,Rs. 11000000,https://riyasewana.com/buy/bmw-520d-sale-ratnapura-12072036
BMW,520D,2012,"120,000 km",Automatic,Diesel,,Registered (Used),"2026 Jul 23, 1:38 pm",Wennappuwa,Negotiable,https://riyasewana.com/buy/bmw-520d-sale-wennappuwa-12010210
BMW,520i E34,1988,"208,000 km",Manual,Petrol,2000,Registered (Used),"2026 Aug 07, 8:16 pm",Galle,Negotiable,https://riyasewana.com/buy/bmw-520i-e34-sale-galle-12100197
BMW,520I,2012,"107,000 km",Automatic,Petrol,2000,Registered (Used),"2026 Jun 08, 10:05 am",Colombo,Rs. 13900000,https://riyasewana.com/buy/bmw-520i-sale-colombo-11755249
BMW,520I,2001,"134,000 km",Manual,Petrol,2000,Registered (Used),"2026 Aug 09, 7:35 am",Colombo,Rs. 6750000,https://riyasewana.com/buy/bmw-520i-sale-colombo-12108174
BMW,520I,2012,"153,000 km",Automatic,Petrol,2000,Registered (Used),"2026 Jul 08, 3:08 pm",Galle,Rs. 16400000,https://riyasewana.com/buy/bmw-520i-sale-galle-11920196
BMW,520I,1994,"150,000 km",Manual,Petrol,1790,Registered (Used),"2026 Jul 16, 8:41 pm",Hambantota,Rs. 3100000,https://riyasewana.com/buy/bmw-520i-sale-hambantota-11969528
BMW,520I,2001,"135,000 km",Manual,Petrol,2000,Registered (Used),"2026 Jul 20, 11:55 am",Horana,Rs. 6750000,https://riyasewana.com/buy/bmw-520i-sale-horana-11991932
BMW,520I,2012,"121,000 km",Automatic,Petrol,2000,Registered (Used),"2026 Jul 28, 1:55 pm",Kegalle,Rs. 15100000,https://riyasewana.com/buy/bmw-520i-sale-kegalle-12040977
BMW,520I,1998,"89,000 km",Manual,Petrol,2000,Registered (Used),"2026 Jul 04, 8:22 am",Nugegoda,Rs. 5200000,https://riyasewana.com/buy/bmw-520i-sale-nugegoda-11894030
BMW,523i E60 LCI,2007,"131,000 km",Automatic,Petrol,2500,Registered (Used),"2026 Jul 26, 8:36 pm",Dankotuwa,Rs. 12500000,https://riyasewana.com/buy/bmw-523i-e60-sale-dankotuwa-11627649
BMW,523i E60,2005,"188,000 km",Automatic,Petrol,2500,Registered (Used),"2026 Jul 02, 7:04 pm",Kaduwela,Rs. 11900000,https://riyasewana.com/buy/bmw-523i-e60-sale-kaduwela-11465991
BMW,523i E60 M Sport,2007,"98,000 km",Automatic,Petrol,2500,Registered (Used),"2026 Jun 18, 3:00 pm",Mannar,Rs. 13500000,https://riyasewana.com/buy/bmw-523i-e60-sale-mannar-11382234
BMW,523i E60s,2007,"74,000 km",Automatic,Petrol,2500,Registered (Used),"2026 Aug 02, 1:14 pm",Panadura,Negotiable,https://riyasewana.com/buy/bmw-523i-e60s-sale-panadura-12070419
BMW,523i F10,2010,"132,900 km",Automatic,Petrol,2500,Registered (Used),"2026 Jul 02, 8:10 pm",Colombo,Rs. 18000000,https://riyasewana.com/buy/bmw-523i-f10-sale-colombo-11465997
BMW,523i F10,2010,"93,000 km",Automatic,Petrol,2300,Registered (Used),"2026 Aug 09, 3:04 pm",Malabe,Rs. 16200000,https://riyasewana.com/buy/bmw-523i-f10-sale-malabe-12111868
BMW,523i Luxury Line Modified,2007,"150,000 km",Automatic,Petrol,2500,Registered (Used),"2026 Aug 11, 10:33 am",Colombo,Rs. 11500000,https://riyasewana.com/buy/bmw-523i-luxury-sale-colombo-11997472
BMW,523i Luxury Line Prestige,2010,"119,000 km",Automatic,Petrol,2500,Registered (Used),"2026 Aug 11, 4:40 pm",Colombo,Rs. 14500000,https://riyasewana.com/buy/bmw-523i-luxury-sale-colombo-12123111
BMW,523i M Sport,2010,"154,000 km",Automatic,Petrol,2500,Registered (Used),"2026 Jul 02, 8:12 pm",Colombo,Rs. 18500000,https://riyasewana.com/buy/bmw-523i-m-sale-colombo-11465993
BMW,523i M Sport-MODIFIED,2011,"141,000 km",Automatic,Petrol,2500,Registered (Used),"2026 Jul 11, 11:21 pm",Dehiwala-Mount-Lavinia,Rs. 22000000,https://riyasewana.com/buy/bmw-523i-m-sale-dehiwala-mount-lavinia-11465990
BMW,523i M 5 Kitted,2010,"143,000 km",Automatic,Petrol,2500,Registered (Used),"2026 Aug 04, 4:52 pm",Kegalle,Negotiable,https://riyasewana.com/buy/bmw-523i-m-sale-kegalle-12082085
BMW,523i,2010,"171,000 km",Automatic,Petrol,2300,Registered (Used),"2026 Jul 02, 8:13 pm",Colombo,Rs. 18000000,https://riyasewana.com/buy/bmw-523i-sale-colombo-11465995
BMW,523i,2024,"14,000 km",Automatic,Petrol,2700,Unregistered (Recondition),"2026 Jul 31, 6:01 pm",Colombo,Negotiable,https://riyasewana.com/buy/bmw-523i-sale-colombo-12058657
BMW,523I,2010,"61,400 km",Automatic,Petrol,2500,Registered (Used),"2026 Aug 01, 9:07 am",Colombo,Rs. 16000000,https://riyasewana.com/buy/bmw-523i-sale-colombo-12061717
BMW,523i,2007,"178,000 km",Automatic,Petrol,2500,Registered (Used),"2026 Jul 11, 11:29 pm",Homagama,Rs. 12500000,https://riyasewana.com/buy/bmw-523i-sale-homagama-11657298
BMW,523i,2011,"115,000 km",Automatic,Petrol,2500,Registered (Used),"2026 Jul 25, 7:34 pm",Kalutara,Negotiable,https://riyasewana.com/buy/bmw-523i-sale-kalutara-12025166
BMW,523i,2011,"115,000 km",Automatic,Petrol,2500,Registered (Used),"2026 Jul 15, 5:58 am",Kandy,Rs. 17900000,https://riyasewana.com/buy/bmw-523i-sale-kandy-11958688
BMW,523i,1998,"111,589 km",Automatic,Petrol,2300,Registered (Used),"2026 Aug 03, 11:31 am",Panadura,Rs. 5975000,https://riyasewana.com/buy/bmw-523i-sale-panadura-12075094
BMW,523i Stage 1 270hp M5 Kitted,2010,"102,000 km",Automatic,Petrol,2500,Registered (Used),"2026 Aug 11, 10:35 am",Colombo,Rs. 17500000,https://riyasewana.com/buy/bmw-523i-stage-sale-colombo-11997406
BMW,525i 5 Series E39,2003,"181,243 km",Manual,Petrol,2500,Registered (Used),"2026 Aug 06, 10:21 pm",Ratnapura,Rs. 7850000,https://riyasewana.com/buy/bmw-525i-5-sale-ratnapura-12094762
BMW,525Li Exclusive M Sport,2025,0 km,Automatic,Petrol,2000,Unregistered (Recondition),"2026 May 19, 5:36 pm",Nugegoda,Rs. 59500000,https://riyasewana.com/buy/bmw-525li-exclusive-sale-nugegoda-11660103
BMW,528i 2.0L Turbo,2011,"106,000 km",Automatic,Petrol,2000,Registered (Used),"2026 Aug 04, 2:46 pm",Colombo,Rs. 18500000,https://riyasewana.com/buy/bmw-528i-2-0l-sale-colombo-12081451
BMW,528i M Sport Straight Patrol,2012,"130,000 km",Automatic,Petrol,2000,Registered (Used),"2026 Aug 03, 5:24 pm",Colombo,Negotiable,https://riyasewana.com/buy/bmw-528i-m-sale-colombo-12076828
BMW,528i,2011,"159,000 km",Automatic,Petrol,2000,Registered (Used),"2026 Jul 18, 1:03 pm",Colombo,Rs. 16500000,https://riyasewana.com/buy/bmw-528i-sale-colombo-11980584
BMW,528i,2011,"62,000 km",Automatic,Petrol,2000,Registered (Used),"2026 Aug 04, 6:54 pm",Colombo,Rs. 17500000,https://riyasewana.com/buy/bmw-528i-sale-colombo-12082634
BMW,528i,2012,"76,000 km",Automatic,Petrol,1997,Registered (Used),"2026 Aug 07, 3:47 pm",Malabe,Rs. 16995000,https://riyasewana.com/buy/bmw-528i-sale-malabe-12098735
BMW,530e G30 Msport,2017,"51,000 km",Automatic,Hybrid,2000,Registered (Used),"2026 Jun 16, 9:21 pm",Colombo,Rs. 28700000,https://riyasewana.com/buy/bmw-530e-g30-sale-colombo-11801162
BMW,530E Individual Spec,2017,"70,000 km",Automatic,Hybrid,2000,Registered (Used),"2026 Jul 30, 2:21 pm",Colombo,Rs. 27000000,https://riyasewana.com/buy/bmw-530e-individual-sale-colombo-11973312
BMW,530e Invidiual,2017,"130,000 km",Automatic,Electric,2000,Registered (Used),"2026 Aug 04, 11:45 am",Colombo,Negotiable,https://riyasewana.com/buy/bmw-530e-invidiual-sale-colombo-12080428
BMW,530E M Sport,2017,,Automatic,Petrol,2000,Registered (Used),"2026 Jun 05, 8:24 pm",Ja-Ela,Negotiable,https://riyasewana.com/buy/bmw-530e-m-sale-ja-ela-11742213
BMW,530E M Sport,2017,"60,000 km",Automatic,Petrol,1998,Registered (Used),"2026 Jun 29, 9:50 am",Maharagama,Rs. 26500000,https://riyasewana.com/buy/bmw-530e-m-sale-maharagama-11868620
BMW,530E M Sport Individual Spec,2017,"60,000 km",Automatic,Petrol,2000,Registered (Used),"2026 Aug 07, 5:42 pm",Malabe,Rs. 29800000,https://riyasewana.com/buy/bmw-530e-m-sale-malabe-12099310
BMW,530e M Sport,2018,"58,000 km",Automatic,Petrol,2000,Registered (Used),"2026 Aug 11, 2:05 pm",Nugegoda,Rs. 25000000,https://riyasewana.com/buy/bmw-530e-m-sale-nugegoda-12122360
BMW,530e MSport,2017,"70,000 km",Automatic,Petrol,2000,Registered (Used),"2026 Jul 25, 3:01 pm",Colombo,Rs. 28500000,https://riyasewana.com/buy/bmw-530e-msport-sale-colombo-12023869
BMW,530e,2017,"34,000 km",Automatic,Petrol,1998,Registered (Used),"2026 Jul 24, 2:10 pm",Colombo,Rs. 31000000,https://riyasewana.com/buy/bmw-530e-sale-colombo-12016207
BMW,530e,2017,"83,000 km",Automatic,Hybrid,2000,Registered (Used),"2026 Aug 07, 1:06 pm",Colombo,Rs. 27000000,https://riyasewana.com/buy/bmw-530e-sale-colombo-12097820
BMW,530e,2018,"79,000 km",Automatic,Petrol,2000,Registered (Used),"2026 Aug 09, 7:31 am",Colombo,Rs. 23500000,https://riyasewana.com/buy/bmw-530e-sale-colombo-12108143
BMW,530e,2018,"58,000 km",Automatic,Hybrid,2000,Registered (Used),"2026 Aug 11, 9:35 am",Colombo,Rs. 25000000,https://riyasewana.com/buy/bmw-530e-sale-colombo-12120479
BMW,530E,2017,"130,000 km",Automatic,Petrol,,Registered (Used),"2026 Jul 06, 3:35 pm",Dehiwala-Mount-Lavinia,Rs. 28500000,https://riyasewana.com/buy/bmw-530e-sale-dehiwala-mount-lavinia-11908903
BMW,530e,2017,"50,000 km",Automatic,Hybrid,2,Registered (Used),"2026 May 24, 9:47 am",Horana,Rs. 29000000,https://riyasewana.com/buy/bmw-530e-sale-horana-11686476
BMW,530i G30 M Sport,2018,"52,000 km",Automatic,Petrol,2000,Registered (Used),"2026 Aug 01, 3:22 pm",Matara,Rs. 31000000,https://riyasewana.com/buy/bmw-530i-g30-sale-matara-12064979
BMW,530i G30 M Sport,2017,"18,000 km",Automatic,Petrol,2000,Registered (Used),"2026 Jul 21, 10:58 am",Nugegoda,Rs. 36000000,https://riyasewana.com/buy/bmw-530i-g30-sale-nugegoda-11997368
BMW,535,2014,"129,000 km",Automatic,Petrol,3000,Registered (Used),"2026 Jul 25, 3:12 pm",Colombo,Rs. 19900000,https://riyasewana.com/buy/bmw-535-sale-colombo-12023935
BMW,535,2002,1 km,Automatic,Diesel,2000,Registered (Used),"2026 Jun 25, 8:42 am",Minuwangoda,Rs. 6950000,https://riyasewana.com/buy/bmw-535-sale-minuwangoda-11846392
BMW,535i,2011,"181,000 km",Automatic,Petrol,3000,Registered (Used),"2026 Jul 21, 5:14 pm",Colombo,Rs. 15500000,https://riyasewana.com/buy/bmw-535i-sale-colombo-11845423
BMW,535i,2012,"43,000 km",Automatic,Hybrid,3000,Registered (Used),"2026 Jun 29, 6:33 pm",Kandy,Rs. 19000000,https://riyasewana.com/buy/bmw-535i-sale-kandy-11870349
BMW,535i,2014,"133,000 km",Automatic,Hybrid,3000,Registered (Used),"2026 Aug 09, 1:18 pm",Kandy,Rs. 19900000,https://riyasewana.com/buy/bmw-535i-sale-kandy-12111336
BMW,7 Series,2017,"53,000 km",Automatic,Petrol,2000,Registered (Used),"2026 Jul 17, 11:00 am",Kelaniya,Rs. 37500000,https://riyasewana.com/buy/bmw-7-series-sale-kelaniya-11806628
BMW,725d M Sport,2019,"29,000 km",Automatic,Diesel,2000,Registered (Used),"2026 Jul 15, 12:59 pm",Matara,Rs. 46500000,https://riyasewana.com/buy/bmw-725d-m-sale-matara-11961692
BMW,725D,2019,"27,000 km",Automatic,Diesel,2000,Registered (Used),"2026 Aug 08, 7:09 pm",Matara,Negotiable,https://riyasewana.com/buy/bmw-725d-sale-matara-12106754
BMW,725D Straight,2019,"4,500 km",Automatic,Diesel,2000,Registered (Used),"2026 Aug 05, 4:03 pm",Colombo,Rs. 49500000,https://riyasewana.com/buy/bmw-725d-straight-sale-colombo-12087466
BMW,730 LD Long Wheel Base,2016,"132,000 km",Automatic,Diesel,3000,Registered (Used),"2026 Aug 03, 10:13 pm",Gampaha,Negotiable,https://riyasewana.com/buy/bmw-730-ld-sale-gampaha-12077832
BMW,730 Li LWB HIGHEST SPEC EXECUTIVE,2011,"90,000 km",Automatic,Petrol,3000,Registered (Used),"2026 Aug 09, 7:27 am",Malabe,Negotiable,https://riyasewana.com/buy/bmw-730-li-sale-malabe-12108119
BMW,730Ld Individual Spec,2014,"90,000 km",Automatic,Diesel,3000,Registered (Used),"2026 Aug 08, 11:44 am",Dehiwala-Mount-Lavinia,Negotiable,https://riyasewana.com/buy/bmw-730ld-individual-sale-dehiwala-mount-lavinia-12104275
BMW,730ld,2011,"69,999 km",Automatic,Diesel,3000,Registered (Used),"2026 May 19, 10:33 am",Matara,Rs. 24950000,https://riyasewana.com/buy/bmw-730ld-sale-matara-11660647
BMW,730LD,2011,"70,000 km",Automatic,Diesel,3000,Registered (Used),"2026 Jul 15, 2:27 pm",Matara,Rs. 22950000,https://riyasewana.com/buy/bmw-730ld-sale-matara-11962131
BMW,730LD,2011,"55,000 km",Automatic,Diesel,3000,Registered (Used),"2026 Aug 08, 7:07 pm",Matara,Negotiable,https://riyasewana.com/buy/bmw-730ld-sale-matara-12106741
BMW,730li Individual,2015,"60,000 km",Automatic,Hybrid,3000,Registered (Used),"2026 Jun 09, 1:05 pm",Battaramulla,Rs. 28900000,https://riyasewana.com/buy/bmw-730li-individual-sale-battaramulla-11761398
BMW,740,2017,"83,000 km",Automatic,Petrol,2998,Registered (Used),"2026 Jun 26, 1:21 pm",Colombo,Negotiable,https://riyasewana.com/buy/bmw-740-sale-colombo-11853753
BMW,740,2014,"101,000 km",Automatic,Hybrid,3000,Registered (Used),"2026 Jul 19, 11:29 am",Gampaha,Rs. 22000000,https://riyasewana.com/buy/bmw-740-sale-gampaha-11986269
BMW,740,2014,"52,000 km",Automatic,Hybrid,2000,Unregistered (Recondition),"2026 Jul 09, 8:53 am",Veyangoda,Rs. 42000000,https://riyasewana.com/buy/bmw-740-sale-veyangoda-11923172
BMW,740e I Performance,2017,"50,000 km",Automatic,Hybrid,2000,Registered (Used),"2026 Aug 07, 12:35 pm",Colombo,Rs. 29500000,https://riyasewana.com/buy/bmw-740e-i-sale-colombo-12097642
BMW,740e Individual Spec,2018,"45,000 km",Automatic,Petrol,2000,Registered (Used),"2026 Jun 15, 1:31 pm",Colombo,Rs. 34500000,https://riyasewana.com/buy/bmw-740e-individual-sale-colombo-11793762
BMW,740e IPerformance M-Sport,2018,"94,500 km",Automatic,Petrol,2000,Registered (Used),"2026 Aug 04, 2:31 pm",Colombo,Rs. 32500000,https://riyasewana.com/buy/bmw-740e-iperformance-sale-colombo-12081399
BMW,740e,2017,"70,000 km",Automatic,Petrol,2000,Registered (Used),"2026 Jun 26, 7:25 pm",Colombo,Negotiable,https://riyasewana.com/buy/bmw-740e-sale-colombo-11855471
BMW,740e,2018,"72,000 km",Automatic,Hybrid,2000,Registered (Used),"2026 Aug 10, 10:44 am",Colombo,Rs. 29500000,https://riyasewana.com/buy/bmw-740e-sale-colombo-12115612
BMW,740e,2018,"50,000 km",Automatic,Hybrid,2000,Registered (Used),"2026 Jul 01, 6:38 pm",Gampaha,Rs. 29900000,https://riyasewana.com/buy/bmw-740e-sale-gampaha-11880259
BMW,740e,2018,"36,000 km",Automatic,Hybrid,1998,Registered (Used),"2026 Jul 28, 3:16 pm",Matara,Rs. 35000000,https://riyasewana.com/buy/bmw-740e-sale-matara-12041332
BMW,740e,2017,"75,000 km",Automatic,Petrol,2998,Registered (Used),"2026 Jun 25, 8:59 am",Wattala,Rs. 50000000,https://riyasewana.com/buy/bmw-740e-sale-wattala-11846541
BMW,740Le LWB M-Sport Plus,2017,"70,000 km",Automatic,Hybrid,2000,Registered (Used),"2026 Jun 16, 2:17 pm",Colombo,Rs. 48000000,https://riyasewana.com/buy/bmw-740le-lwb-sale-colombo-11799388
BMW,740le M Sports,2017,"94,000 km",Automatic,Hybrid,2000,Registered (Used),"2026 Aug 08, 2:52 pm",Colombo,Negotiable,https://riyasewana.com/buy/bmw-740le-m-sale-colombo-12105496
BMW,740LE M-SPORT PLUS,2017,"59,000 km",Automatic,Petrol,2998,Registered (Used),"2026 Aug 08, 8:21 am",Kandy,Negotiable,https://riyasewana.com/buy/bmw-740le-m-sport-sale-kandy-12026832
BMW,740LE,2017,"27,000 km",Automatic,Petrol,2000,Registered (Used),"2026 Jun 04, 4:50 pm",Colombo,Rs. 42500000,https://riyasewana.com/buy/bmw-740le-sale-colombo-11736627
BMW,740LE,2018,"30,000 km",Automatic,Hybrid,2000,Registered (Used),"2026 Jul 17, 9:25 am 591",Colombo,Rs. 46000000,https://riyasewana.com/buy/bmw-740le-sale-colombo-11971394
BMW,740Le,2018,"98,000 km",Automatic,Hybrid,2000,Registered (Used),"2026 Aug 10, 4:09 pm",Colombo,Rs. 39500000,https://riyasewana.com/buy/bmw-740le-sale-colombo-12117467
BMW,740le,2018,"44,000 km",Automatic,Hybrid,2000,Registered (Used),"2026 Jul 22, 3:34 pm",Nugegoda,Rs. 43500000,https://riyasewana.com/buy/bmw-740le-sale-nugegoda-12004892
BMW,740Le X Drive M-Sport,2016,"70,000 km",Automatic,Hybrid,2000,Registered (Used),"2026 Jun 24, 2:18 pm",Dehiwala-Mount-Lavinia,Rs. 34000000,https://riyasewana.com/buy/bmw-740le-x-sale-dehiwala-mount-lavinia-11843297
BMW,740Li Active Hybrid 7 Individual,2015,"98,000 km",Automatic,Hybrid,3000,Registered (Used),"2026 Aug 01, 2:51 pm",Colombo,Rs. 27800000,https://riyasewana.com/buy/bmw-740li-active-sale-colombo-12064837
BMW,740LI,2010,"56,000 km",Automatic,Petrol,3500,Registered (Used),"2026 Jun 11, 2:39 pm",Colombo,Rs. 1000000,https://riyasewana.com/buy/bmw-740li-sale-colombo-11772072
BMW,740li,2012,"30,000 km",Automatic,Petrol,3000,Registered (Used),"2026 Jul 31, 5:10 pm",Kaduwela,Rs. 19000000,https://riyasewana.com/buy/bmw-740li-sale-kaduwela-12058371
BMW,7L,2015,"95,000 km",Automatic,Hybrid,3000,Registered (Used),"2026 Jun 23, 2:27 pm",Katunayake,Rs. 28500000,https://riyasewana.com/buy/bmw-7l-sale-katunayake-11837895
BMW,7M,2014,"108,000 km",Automatic,Hybrid,3000,Registered (Used),"2026 Jun 13, 6:20 am",Anuradapura,Rs. 5000000,https://riyasewana.com/buy/bmw-7m-sale-anuradapura-11779466
BMW,Active Hybrid 7 Series,2015,"29,800 km",Automatic,Hybrid,2970,Registered (Used),"2026 Jul 12, 1:50 pm",Homagama,Rs. 34500000,https://riyasewana.com/buy/bmw-active-hybrid-sale-homagama-11944594
BMW,BMW,2013,"123,000 km",Automatic,Petrol,2000,Registered (Used),"2026 Jul 15, 9:35 pm",Kotte,Rs. 16900000,https://riyasewana.com/buy/bmw-bmw-sale-kotte-11936499
BMW,Cooper Countryman,2015,"65,000 km",Automatic,Petrol,1600,Registered (Used),"2026 Aug 10, 2:41 pm",Kandy,Rs. 14500000,https://riyasewana.com/buy/bmw-cooper-countryman-sale-kandy-12117051
BMW,Cooper,2018,"95,000 km",Automatic,Petrol,1200,Registered (Used),"2026 May 29, 8:25 pm",Matara,Rs. 3000000,https://riyasewana.com/buy/bmw-cooper-sale-matara-11712631
BMW,DAA-YA30 ACTIVE HB7,2013,"103,910 km",Automatic,Hybrid,2970,Registered (Used),"2026 Jun 22, 1:53 pm",Kelaniya,Negotiable,https://riyasewana.com/buy/bmw-daa-ya30-active-sale-kelaniya-11832347
BMW,E 46,2000,123 km,Manual,Diesel,2000,Registered (Used),"2026 Aug 01, 12:28 pm",Gampola,Rs. 6800000,https://riyasewana.com/buy/bmw-e-46-sale-gampola-12063925
BMW,E34,1990,,Manual,Petrol,1800,Registered (Used),"2026 May 13, 9:24 pm",Negombo,Negotiable,https://riyasewana.com/buy/bmw-e34-sale-negombo-11631977
BMW,E38,2001,"145,000 km",Automatic,Petrol,4400,Registered (Used),"2026 Jun 16, 11:10 pm",Colombo,Negotiable,https://riyasewana.com/buy/bmw-e38-sale-colombo-11801432
BMW,E39,2000,"127,834 km",Automatic,Diesel,2500,Registered (Used),"2026 Aug 01, 1:19 am",Colombo,Rs. 5850000,https://riyasewana.com/buy/bmw-e39-sale-colombo-12060175
BMW,E46 318i,1998,"116,000 km",Automatic,Petrol,1900,Registered (Used),"2026 Aug 07, 8:46 pm",Colombo,Rs. 5995000,https://riyasewana.com/buy/bmw-e46-318i-sale-colombo-12100352
BMW,E46 318i Msport,2004,"102,500 km",Manual,Petrol,1995,Registered (Used),"2026 Jul 18, 8:42 pm",Kegalle,Negotiable,https://riyasewana.com/buy/bmw-e46-318i-sale-kegalle-11982986
BMW,E46 318i,2002,"207,000 km",Manual,Petrol,2000,Registered (Used),"2026 Aug 09, 2:42 pm",Moratuwa,Rs. 6450000,https://riyasewana.com/buy/bmw-e46-318i-sale-moratuwa-12098332
BMW,E46 320d,2000,"147,000 km",Manual,Diesel,2000,Registered (Used),"2026 Aug 08, 6:42 pm",Colombo,Rs. 6700000,https://riyasewana.com/buy/bmw-e46-320d-sale-colombo-12106624
BMW,E46,2001,140 km,Manual,Diesel,2000,Registered (Used),"2026 Jun 22, 11:09 am",Colombo,Negotiable,https://riyasewana.com/buy/bmw-e46-sale-colombo-11831348
BMW,E46,2003,"78,000 km",Manual,Diesel,2000,Registered (Used),"2026 Jul 30, 5:49 pm",Colombo,Rs. 7250000,https://riyasewana.com/buy/bmw-e46-sale-colombo-12052959
BMW,E60 523i LCI,2007,"91,000 km",Automatic,Petrol,2500,Registered (Used),"2026 Aug 08, 11:46 am",Battaramulla,Rs. 11500000,https://riyasewana.com/buy/bmw-e60-523i-sale-battaramulla-12104286
BMW,E60 523i,2006,"155,000 km",Automatic,Petrol,2500,Registered (Used),"2026 Jul 28, 8:16 am",Kurunegala,Rs. 13500000,https://riyasewana.com/buy/bmw-e60-523i-sale-kurunegala-12038462
BMW,E60 530i,2005,"205,000 km",Automatic,Petrol,3000,Registered (Used),"2026 Jul 22, 12:09 pm",Anuradapura,Rs. 11000000,https://riyasewana.com/buy/bmw-e60-530i-sale-anuradapura-12003738
BMW,F10 520d,2013,,Automatic,Diesel,2000,Registered (Used),"2026 Jul 02, 2:45 pm",Colombo,Negotiable,https://riyasewana.com/buy/bmw-f10-520d-sale-colombo-11884702
BMW,F10 520D 3 Option,2013,"181,000 km",Automatic,Diesel,2000,Registered (Used),"2026 Aug 11, 11:53 am",Colombo,Rs. 18500000,https://riyasewana.com/buy/bmw-f10-520d-sale-colombo-12121583
BMW,F30 318i,2018,"76,000 km",Automatic,Petrol,1500,Registered (Used),"2026 Aug 03, 6:28 pm",Colombo,Rs. 18900000,https://riyasewana.com/buy/bmw-f30-318i-sale-colombo-12018314
BMW,Grand Tourer 2.18I,2020,"45,000 km",Automatic,Petrol,1500,Registered (Used),"2026 Jun 25, 6:48 am",Colombo,Rs. 18500000,https://riyasewana.com/buy/bmw-grand-tourer-sale-colombo-11845733
BMW,I3,2015,"77,800 km",Automatic,Electric,,Registered (Used),"2026 Jul 14, 3:00 pm",Colombo,Rs. 7500000,https://riyasewana.com/buy/bmw-i3-sale-colombo-11956526
BMW,I3,2013,"47,000 km",Automatic,Electric,,Registered (Used),"2026 Jun 08, 11:33 pm",Ja-Ela,Rs. 8650000,https://riyasewana.com/buy/bmw-i3-sale-ja-ela-11758757
BMW,I3,2014,"45,000 km",Automatic,Electric,60,Registered (Used),"2026 Jul 01, 10:39 am",Kandy,Rs. 9000000,https://riyasewana.com/buy/bmw-i3-sale-kandy-11877775
BMW,I3,2016,"59,600 km",Automatic,Electric,,Registered (Used),"2026 Jul 12, 8:15 pm",Nawala,Rs. 7000000,https://riyasewana.com/buy/bmw-i3-sale-nawala-11946321
BMW,I3,2016,"72,500 km",Automatic,Electric,,Registered (Used),"2026 Aug 10, 8:27 am",Nugegoda,Rs. 6750000,https://riyasewana.com/buy/bmw-i3-sale-nugegoda-12114549
BMW,I7 M Sport Pro Ultimate,2023,"12,000 km",Automatic,Electric,650,Registered (Used),"2026 Aug 04, 11:50 am",Colombo,Negotiable,https://riyasewana.com/buy/bmw-i7-m-sale-colombo-12080458
BMW,I8 Roadster,2019,"15,000 km",Automatic,Hybrid,1500,Registered (Used),"2026 Jul 27, 3:02 pm",Dehiwala-Mount-Lavinia,Rs. 45000000,https://riyasewana.com/buy/bmw-i8-roadster-sale-dehiwala-mount-lavinia-12035603
BMW,I8,2019,"42,500 km",Automatic,Hybrid,1500,Registered (Used),"2026 Jun 25, 1:14 pm",Colombo,Rs. 36500000,https://riyasewana.com/buy/bmw-i8-sale-colombo-11848393
BMW,I8,2019,"42,100 km",Automatic,Hybrid,1500,Registered (Used),"2026 Aug 08, 3:56 pm",Colombo,Rs. 37500000,https://riyasewana.com/buy/bmw-i8-sale-colombo-11897246
BMW,I8,2016,"45,000 km",Automatic,Hybrid,1500,Registered (Used),"2026 Jul 16, 6:27 pm",Kurunegala,Rs. 34000000,https://riyasewana.com/buy/bmw-i8-sale-kurunegala-11968886
BMW,M Sport,2018,"50,000 km",Automatic,Petrol,1500,Registered (Used),"2026 Aug 03, 1:29 pm",Homagama,Negotiable,https://riyasewana.com/buy/bmw-m-sport-sale-homagama-12075876
BMW,M SPORT,2013,"140,000 km",Automatic,Diesel,2000,Registered (Used),"2026 Jul 22, 1:54 pm",Pannala,Rs. 20500000,https://riyasewana.com/buy/bmw-m-sport-sale-pannala-12004373
BMW,M120i,2010,"190,000 km",Automatic,Petrol,2000,Registered (Used),"2026 Aug 01, 9:15 pm",Negombo,Negotiable,https://riyasewana.com/buy/bmw-m120i-sale-negombo-12066626
BMW,Mini Clubman F54 Cooper.,2018,"30,000 km",Automatic,Petrol,1500,Registered (Used),"2026 Aug 08, 10:56 am",Panadura,Negotiable,https://riyasewana.com/buy/bmw-mini-clubman-sale-panadura-12103855
BMW,Mini Cooper,2017,"81,000 km",Automatic,Petrol,1500,Registered (Used),"2026 Aug 09, 8:18 am",Battaramulla,Rs. 13490000,https://riyasewana.com/buy/bmw-mini-cooper-sale-battaramulla-12108536
BMW,Mini Cooper Countryman S,2014,"110,000 km",Automatic,Petrol,1600,Registered (Used),"2026 Jun 11, 9:17 am",Dehiwala-Mount-Lavinia,Rs. 12500000,https://riyasewana.com/buy/bmw-mini-cooper-sale-dehiwala-mount-lavinia-11770101
BMW,Mini Cooper,2016,"90,000 km",Automatic,Petrol,1190,Registered (Used),"2026 Jul 08, 12:28 pm",Dehiwala-Mount-Lavinia,Rs. 11800000,https://riyasewana.com/buy/bmw-mini-cooper-sale-dehiwala-mount-lavinia-11919326
BMW,Mini Cooper,2017,"33,000 km",Automatic,Petrol,1500,Registered (Used),"2026 Aug 09, 8:29 am",Dehiwala-Mount-Lavinia,Negotiable,https://riyasewana.com/buy/bmw-mini-cooper-sale-dehiwala-mount-lavinia-12108633
BMW,Mini Cooper S,2017,"85,000 km",Automatic,Petrol,1499,Registered (Used),"2026 Aug 10, 4:02 pm",Malabe,Rs. 12590000,https://riyasewana.com/buy/bmw-mini-cooper-sale-malabe-12117434
BMW,Mini Cooper Clubman,2016,"172,000 km",Automatic,Petrol,1500,Registered (Used),"2026 Aug 03, 5:07 pm",Matara,Negotiable,https://riyasewana.com/buy/bmw-mini-cooper-sale-matara-12076748
BMW,Mini Cooper S R56 Turbocharged,2010,1 km,Manual,Petrol,1600,Registered (Used),"2026 Jul 25, 10:32 pm",Negombo,Rs. 10500000,https://riyasewana.com/buy/bmw-mini-cooper-sale-negombo-12025862
BMW,Mini Cooper F55,2017,"29,000 km",Automatic,Petrol,1200,Registered (Used),"2026 Aug 08, 10:58 am",Panadura,Negotiable,https://riyasewana.com/buy/bmw-mini-cooper-sale-panadura-12103882
BMW,Mini One R50,2004,"86,000 km",Manual,Petrol,1600,Registered (Used),"2026 Jul 04, 12:31 pm",Kadawatha,Rs. 8400000,https://riyasewana.com/buy/bmw-mini-one-sale-kadawatha-11896482
BMW,Plug In Hybrid I3,2015,"100,000 km",Automatic,Petrol,1000,Registered (Used),"2026 Aug 09, 10:35 am",Homagama,Rs. 7590000,https://riyasewana.com/buy/bmw-plug-in-sale-homagama-12109999
BMW,X 320,2012,"1,234 km",Automatic,Petrol,,Registered (Used),"2026 Jun 24, 9:10 am",Kadawatha,Rs. 12750000,https://riyasewana.com/buy/bmw-x-320-sale-kadawatha-11841169
BMW,X3,2012,"183,000 km",Automatic,Diesel,2000,Registered (Used),"2026 Jul 27, 7:52 am",Kottawa,Rs. 11950000,https://riyasewana.com/buy/bmw-x3-sale-kottawa-12032506
BMW,X5 40e M Sport,2016,"130,000 km",Automatic,Petrol,2000,Registered (Used),"2026 May 17, 8:18 pm",Colombo,Negotiable,https://riyasewana.com/buy/bmw-x5-40e-sale-colombo-11653566
BMW,Z4 SDrive35is,2012,"37,500 km",Automatic,Petrol,3000,Registered (Used),"2026 Aug 05, 4:09 pm",Colombo,Rs. 32500000,https://riyasewana.com/buy/bmw-z4-sdrive35is-sale-colombo-12087488
