url,title,location,price,bedrooms,bathrooms,house_area,land_area,floors,features
https://www.lankapropertyweb.com/sale/property_details-5718518.html,"Super Luxury 6 Br House CONSTRUCTION IN Battaramulla OR SRI LANKA/ Rs. 44.5 million / Rs. 445 Laks / 134,000 USD","With or Without Land, Battaramulla","Rs. 44,550,000 ($ 134,000) USD GBP 99,298 EUR 115,966 JPY 21,229,404 INR 12,764,336 AUD 189,611 CAD 187,015 CNY 903,812 RUB 11,117,564 [Build Cost Only]",6,Gardening,3775,30,.,6; 5; 3775 sq.ft.; 30 perches
https://www.lankapropertyweb.com/sale/property_details-5721688.html,3 Bedroom House New Construction in Mount Lavinia for Rs. 23.6 million / Rs. 236 Laks (Construction Cost),"With or Without Land, Mount Lavinia","Rs. 23,632,000 ($ 78,000) USD GBP 57,800 EUR 67,503 JPY 12,357,414 INR 7,429,987 AUD 110,371 CAD 108,859 CNY 526,099 RUB 6,471,418 [Build Cost Only]",3,Gardening,2000,7,.,3; 2; 2000 sq.ft.; 7 perches
https://www.lankapropertyweb.com/sale/property_details-5722071.html,Ultra Modern 4 Bedroom House Construction in Thalawathugoda / Rs. 40.25 million / Rs. 402 Laks / New construction,"With or Without Land, Thalawathugoda","Rs. 40,250,000 ($ 120,600) USD GBP 89,368 EUR 104,369 JPY 19,106,464 INR 11,487,902 AUD 170,650 CAD 168,313 CNY 813,430 RUB 10,005,808 [Build Cost Only]",4,Gardening,3500,7,.,4; 4; 3500 sq.ft.; 7 perches
https://www.lankapropertyweb.com/sale/property_details-5728302.html,Rajagiriya - Kalapaluwawa 04 Bedroom Upstair House at 1st Lane for Sale,"Kalapaluwawa, Rajagiriya","Rs. 62,000,000 Negotiable LKR USD 185,204 GBP 137,242 EUR 160,279 JPY 29,341,140 INR 17,641,893 AUD 262,066 CAD 258,477 CNY 1,249,178 RUB 15,365,993 26%",04,Gardening,2500,10,1415,4; 3; 2500 sq.ft.; 10 perches
https://www.lankapropertyweb.com/sale/property_details-5787939.html,4 Bedroom house for sales in Nugegoda for Rs. 87.5 million (negotiable),Nugegoda,"Rs. 87,500,000 Negotiable LKR USD 261,377 GBP 193,688 EUR 226,201 JPY 41,408,867 INR 24,897,834 AUD 369,851 CAD 364,786 CNY 1,762,953 RUB 21,685,877",4,Gardening,3000,16.4,.,4; 3; 3000 sq.ft.; 16.4 perches
https://www.lankapropertyweb.com/sale/property_details-5872490.html,Modern Two Story House for Sale in Piliyandala Madapatha,"Madapatha Road, Piliyandala",,6,Gardening,4500,11.8,.,6; 2; 4500 sq.ft.; 11.8 perches
https://www.lankapropertyweb.com/sale/property_details-5877594.html,Modern Luxury Architect Designed House for Sale in Jayanthipura Battaramulla,"Jayanthipura Main Road, Sri Jayawardenepura Kotte, Sri Lanka, Battaramulla","Rs. 450,000,000 ($ 1,448,200) USD GBP 1,073,161 EUR 1,253,299 JPY 229,435,995 INR 137,950,086 AUD 2,049,217 CAD 2,021,155 CNY 9,767,909 RUB 120,152,659",6,Gardening,8132,18.8,.,6; 7; 8132 sq.ft.; 18.8 perches
https://www.lankapropertyweb.com/sale/property_details-5881143.html,Malabe Town Centre Large 04 Bed Room House in a Very Good Residential Area for Immediate Sale,"Udawatta Road, Malabe","Rs. 45,000,000 Negotiable LKR USD 134,422 GBP 99,611 EUR 116,332 JPY 21,295,989 INR 12,804,600 AUD 190,209 CAD 187,604 CNY 906,661 RUB 11,152,737 24%",04,Gardening,3300,10,285,4; 3; 3300 sq.ft.; 10 perches
https://www.lankapropertyweb.com/sale/property_details-5912056.html,9 Bedroom house for sales in Colombo 5 for Rs. 265 million (Negotiable),"Edmonton Road, Colombo 5","Rs. 265,000,000 Negotiable LKR USD 791,599 GBP 586,599 EUR 685,064 JPY 125,409,711 INR 75,404,867 AUD 1,120,120 CAD 1,104,781 CNY 5,339,228 RUB 65,677,229",5,Gardening,3500,15.4,.,9; 5; 3500 sq.ft.; 15.4 perches
https://www.lankapropertyweb.com/sale/property_details-5915795.html,🏡 Luxury 2-Story House with Rooftop in Kesbewa - 5 Spacious Bedrooms,Kesbewa,"Rs. 33,000,000 ONO LKR USD 98,576 GBP 73,048 EUR 85,310 JPY 15,617,058 INR 9,390,040 AUD 139,487 CAD 137,577 CNY 664,885 RUB 8,178,674",2,Gardening,2171.16,6.9,284,5; 4; 2171.16 sq.ft.; 6.9 perches
https://www.lankapropertyweb.com/sale/property_details-5916513.html,House for sale in Colombo 15,"Fergusons road , Colombo 15","Rs. 59,000,000 LKR USD 176,243 GBP 130,601 EUR 152,524 JPY 27,921,407 INR 16,788,253 AUD 249,385 CAD 245,970 CNY 1,188,734 RUB 14,622,477 42%",4,Gardening,3500,7.2,.,4; 2; 3500 sq.ft.; 7.2 perches
https://www.lankapropertyweb.com/sale/property_details-5918654.html,Beautiful Family Home for Sale – Prime Location & Great Value,"C.P.de Silva Mw, Kaldemulla, Moratuwa","Rs. 26,000,000 Negotiable LKR USD 77,666 GBP 57,553 EUR 67,214 JPY 12,304,349 INR 7,398,213 AUD 109,899 CAD 108,394 CNY 523,849 RUB 6,443,804",4,Gardening,,8.5,.,4; 4; 8.5 perches
https://www.lankapropertyweb.com/sale/property_details-5919489.html,BEST DEAL - Luxury 5-Bedroom House for Sale in Rajagiriya | 7000 Sq.Ft. | EXCLUSIVE LISTING,Rajagiriya,"Rs. 300,000,000 LKR USD 896,150 GBP 664,075 EUR 775,545 JPY 141,973,258 INR 85,364,001 AUD 1,268,061 CAD 1,250,696 CNY 6,044,409 RUB 74,351,580",5,Gardening,7000,13.33,.,5; 6; 7000 sq.ft.; 13.33 perches
https://www.lankapropertyweb.com/sale/property_details-5920371.html,Colonial type House for sale in the Heart of Colombo 7,Colombo 7,,6,Gardening,3000,77,.,6; 6; 3000 sq.ft.; 77 perches
https://www.lankapropertyweb.com/sale/property_details-5920725.html,5 Bedroom House for sale with 78 Perches Land in Kochchikade Negombo,"Madampella Road, Kochchikade","Rs. 165,000,000 (£ 375,000) Negotiable LKR USD 492,882 EUR 426,550 JPY 78,085,292 INR 46,950,200 AUD 697,433 CAD 687,883 CNY 3,324,425 RUB 40,893,369",5,Gardening,22000,5,.,5; 3; 22000 sq.ft.; 78 perches
https://www.lankapropertyweb.com/sale/property_details-5923454.html,Gampaha Town House For Sale,"Sri Gnavimala Mawatha, Gampaha","Rs. 44,800,000 ($ 133,770) Negotiable USD GBP 99,128 EUR 115,767 JPY 21,192,966 INR 12,742,427 AUD 189,286 CAD 186,694 CNY 902,260 RUB 11,098,482",4,Gardening,2900,10,.,4; 2; 2900 sq.ft.; 10 perches
https://www.lankapropertyweb.com/sale/property_details-5923890.html,House for sale in Colombo 5 Byrde Place,"Byrde Place, Colombo 5","Rs. 94,000,000 LKR USD 280,794 GBP 208,077 EUR 243,004 JPY 44,484,954 INR 26,747,387 AUD 397,326 CAD 391,885 CNY 1,893,915 RUB 23,296,828",3,Gardening,,9.2,.,3; 3; 9.2 perches
https://www.lankapropertyweb.com/sale/property_details-5925299.html,"Grand Family Residence with Premium Finishes + 13.6 Perch Additional Land to Build Another House — Lion City, Katunayake","Lion City , Katunayake","Rs. 125,000,000 LKR USD 373,396 GBP 276,698 EUR 323,144 JPY 59,155,524 INR 35,568,334 AUD 528,359 CAD 521,123 CNY 2,518,504 RUB 30,979,825",+,Gardening,4500,27.4,.,5; 4; 4500 sq.ft.; 27.4 perches
https://www.lankapropertyweb.com/sale/property_details-5926777.html,"Luxury House for Sale Next to Weli Park, Nugegoda","Park View Square, Nugegoda","Rs. 180,000,000 Negotiable LKR USD 537,690 GBP 398,445 EUR 465,327 JPY 85,183,955 INR 51,218,400 AUD 760,837 CAD 750,417 CNY 3,626,645 RUB 44,610,948",5,Gardening,4750,15,.,5; 4; 4750 sq.ft.; 15 perches
https://www.lankapropertyweb.com/sale/property_details-5927075.html,"Spacious 4-Bedroom Two-Story House for Sale in Mavittara, Piliyandala",Piliyandala,"Rs. 44,000,000 LKR USD 131,435 GBP 97,398 EUR 113,747 JPY 20,822,744 INR 12,520,053 AUD 185,982 CAD 183,435 CNY 886,513 RUB 10,904,898",4,Gardening,3030,12.5,.,4; 2; 3030 sq.ft.; 12.5 perches
https://www.lankapropertyweb.com/sale/property_details-5927421.html,House for sale in Nugegoda,"Walauwatte Road, Nugegoda","Rs. 70,000,000 (AUD 300,000) Negotiable LKR USD 209,102 GBP 154,951 EUR 180,960 JPY 33,127,094 INR 19,918,267 AUD 295,881 CAD 291,829 CNY 1,410,362 RUB 17,348,702",4,Gardening,2100,20,.,4; 2100 sq.ft.; 20 perches
https://www.lankapropertyweb.com/sale/property_details-5927474.html,"4 Bedroom House for Sale in Park Road, Colombo 05 | 8 Perches | Prime Residential Property","Park Road, Colombo 5","Rs. 120,000,000 ($ 356,577) USD GBP 264,235 EUR 308,588 JPY 56,491,920 INR 33,966,184 AUD 504,560 CAD 497,650 CNY 2,405,063 RUB 29,584,087 22%",5,Gardening,2800,5,.,4; 3; 2800 sq.ft.; 8 perches
https://www.lankapropertyweb.com/sale/property_details-5928428.html,Spacious Two-Storey House for Sale in Pitakotte,Pita Kotte,"Rs. 60,000,000 LKR USD 179,230 GBP 132,815 EUR 155,109 JPY 28,394,652 INR 17,072,800 AUD 253,612 CAD 250,139 CNY 1,208,882 RUB 14,870,316 30%",4,Gardening,3000,9,Login,4; 3; 3000 sq.ft.; 9 perches
https://www.lankapropertyweb.com/sale/property_details-5928738.html,House for sale in Angoda,"Siri Perakum Mawatha, Angoda","Rs. 29,000,000 LKR USD 86,628 GBP 64,194 EUR 74,969 JPY 13,724,082 INR 8,251,853 AUD 122,579 CAD 120,901 CNY 584,293 RUB 7,187,319",3,Gardening,1200,8,.,3; 2; 1200 sq.ft.; 8 perches
https://www.lankapropertyweb.com/sale/property_details-5929658.html,3 Bedroom house for sale in Rathmalana for Rs. 60 million (negotiable),Rathmalana,"Rs. 60,000,000 Negotiable LKR USD 179,230 GBP 132,815 EUR 155,109 JPY 28,394,652 INR 17,072,800 AUD 253,612 CAD 250,139 CNY 1,208,882 RUB 14,870,316",3,Gardening,3600,13.2,1322,3; 2; 13.2 perches
https://www.lankapropertyweb.com/sale/property_details-5930468.html,🏡 Newly Renovated Two-Storey 4-Bedroom House for Sale in Malabe,Malabe,"Rs. 46,000,000 LKR USD 137,410 GBP 101,825 EUR 118,917 JPY 21,769,233 INR 13,089,147 AUD 194,436 CAD 191,773 CNY 926,809 RUB 11,400,576",4,Gardening,,7,4,4; 3; 7 perches
https://www.lankapropertyweb.com/sale/property_details-5931268.html,6 Bedroom house for sales in Colombo 6 for Rs. 300 million (Negotiable),"Suvisuddharama Road, Colombo 6","Rs. 300,000,000 Negotiable LKR USD 896,150 GBP 664,075 EUR 775,545 JPY 141,973,258 INR 85,364,001 AUD 1,268,061 CAD 1,250,696 CNY 6,044,409 RUB 74,351,580",6,Gardening,4737,7.55,.,6; 4; 4737 sq.ft.; 7.55 perches
https://www.lankapropertyweb.com/sale/property_details-5931280.html,Architect Designed Modern Luxury House for Sale in Malabe,"Gonawatta Road, Malabe","Rs. 67,500,000 Negotiable LKR USD 201,634 GBP 149,417 EUR 174,498 JPY 31,943,983 INR 19,206,900 AUD 285,314 CAD 281,407 CNY 1,359,992 RUB 16,729,105",5,Gardening,4000,16,.,5; 4; 4000 sq.ft.; 16 perches
https://www.lankapropertyweb.com/sale/property_details-5931661.html,Newly Built Luxury 2-Storey House for Sale – Prime Kelaniya Location,Kelaniya,"Rs. 38,500,000 Negotiable LKR USD 115,006 GBP 85,223 EUR 99,528 JPY 18,219,901 INR 10,955,047 AUD 162,734 CAD 160,506 CNY 775,699 RUB 9,541,786",5,Gardening,,15.6,2,5; 2; 15.6 perches
https://www.lankapropertyweb.com/sale/property_details-5934271.html,Luxury Two-Storey House for Sale in Kelaniya,Kelaniya,"Rs. 80,000,000 LKR USD 238,973 GBP 177,087 EUR 206,812 JPY 37,859,535 INR 22,763,734 AUD 338,150 CAD 333,519 CNY 1,611,842 RUB 19,827,088",4,Gardening,5200,23.25,Login,4; 4; 5200 sq.ft.; 23.25 perches
