Brand,Model,YOM,Mileage,Gear,Fuel Type,Engine (cc),Condition,Ad Date,Location,Price,URL,Body Type,Number of Cylinder,Power Shutter,Power Mirror,Power Steering,Manufacturing Country
Toyota,CHR AWD GT TURBO,2018,"83,000 km",Automatic,Petrol,1200.0,Registered (Used),"2026 Jun 14, 10:22 am",Malabe,Rs. 14590000,https://riyasewana.com/buy/toyota-chr-awd-sale-malabe-11787469,SUV,4,Yes,Yes,Yes,Japan
Toyota,CHR Bruno Edition NGX10,2019,"79,000 km",Automatic,Petrol,1200.0,Registered (Used),"2026 Jun 03, 11:03 am",Gampaha,Rs. 15000000,https://riyasewana.com/buy/toyota-chr-bruno-sale-gampaha-11730103,SUV,4,Yes,Yes,Yes,Japan
Toyota,CHR BRUNO NXG10,2019,"80,360 km",Automatic,Petrol,,Registered (Used),"2026 Aug 09, 2:29 pm",Puttalam,Negotiable,https://riyasewana.com/buy/toyota-chr-bruno-sale-puttalam-12111686,SUV,4,Yes,Yes,Yes,Japan
Toyota,CHR EAGLE EYE NGX10,2020,"40,000 km",Automatic,Petrol,1200.0,Registered (Used),"2026 Aug 07, 9:42 am",Gampaha,Rs. 13950000,https://riyasewana.com/buy/toyota-chr-eagle-sale-gampaha-12096308,SUV,4,Yes,Yes,Yes,Japan
Toyota,CHR Eagle Eye NGX10,2019,"60,000 km",Automatic,Petrol,1200.0,Registered (Used),"2026 Aug 08, 8:19 am",Katunayake,Rs. 14850000,https://riyasewana.com/buy/toyota-chr-eagle-sale-katunayake-12102003,SUV,4,Yes,Yes,Yes,Japan
Toyota,CHR GT TURBO,2018,"51,000 km",Automatic,Petrol,1500.0,Registered (Used),"2026 Aug 07, 4:45 pm",Anuradapura,Rs. 13200000,https://riyasewana.com/buy/toyota-chr-gt-sale-anuradapura-12099024,SUV,4,Yes,Yes,Yes,Japan
Toyota,CHR GT Turbo,2018,"88,000 km",Automatic,Petrol,1200.0,Registered (Used),"2026 Aug 09, 10:28 am",Embilipitiya,Negotiable,https://riyasewana.com/buy/toyota-chr-gt-sale-embilipitiya-12109938,SUV,4,Yes,Yes,Yes,Japan
Toyota,CHR GT NGX50,2018,"102,000 km",Automatic,Petrol,1200.0,Registered (Used),"2026 Aug 07, 5:37 pm",Galle,Rs. 12500000,https://riyasewana.com/buy/toyota-chr-gt-sale-galle-12099284,SUV,4,Yes,Yes,Yes,Japan
Toyota,CHR GT,2017,"114,000 km",Automatic,Petrol,1500.0,Registered (Used),"2026 Jul 01, 2:08 pm",Kadawatha,Rs. 12700000,https://riyasewana.com/buy/toyota-chr-gt-sale-kadawatha-11879057,SUV,4,Yes,Yes,Yes,Japan
Toyota,CHR GT TURBO,2018,"80,000 km",Automatic,Petrol,1200.0,Registered (Used),"2026 Aug 07, 8:32 pm",Kalutara,Negotiable,https://riyasewana.com/buy/toyota-chr-gt-sale-kalutara-12100271,SUV,4,Yes,Yes,Yes,Japan
Toyota,CHR GT Turbo Bruno,2019,"69,000 km",Automatic,Petrol,1200.0,Registered (Used),"2026 Aug 02, 9:33 am",Kandy,Rs. 14150000,https://riyasewana.com/buy/toyota-chr-gt-sale-kandy-12068533,SUV,4,Yes,Yes,Yes,Japan
Toyota,CHR GT NGX10,2018,"55,000 km",Automatic,Petrol,1200.0,Registered (Used),"2026 Aug 08, 9:22 am",Katunayake,Rs. 13850000,https://riyasewana.com/buy/toyota-chr-gt-sale-katunayake-12102804,SUV,4,Yes,Yes,Yes,Japan
Toyota,CHR GT LED TURBO,2018,"70,000 km",Automatic,Petrol,1200.0,Registered (Used),"2026 Aug 08, 3:05 pm",Kelaniya,Rs. 12000000,https://riyasewana.com/buy/toyota-chr-gt-sale-kelaniya-12105565,SUV,4,Yes,Yes,Yes,Japan
Toyota,CHR GT TRUBO,2017,"76,000 km",Automatic,Petrol,1200.0,Registered (Used),"2026 Jul 29, 9:29 am",Mawanella,Negotiable,https://riyasewana.com/buy/toyota-chr-gt-sale-mawanella-12044790,SUV,4,Yes,Yes,Yes,Japan
Toyota,CHR GT NGX10,2018,"84,000 km",Automatic,Petrol,1200.0,Registered (Used),"2026 Aug 07, 5:10 pm",Negombo,Rs. 13750000,https://riyasewana.com/buy/toyota-chr-gt-sale-negombo-12099160,SUV,4,Yes,Yes,Yes,Japan
Toyota,CHR GT BOOST IMPULSE,2017,"62,000 km",Automatic,Petrol,,Registered (Used),"2026 Aug 10, 12:49 pm",Negombo,Rs. 12385000,https://riyasewana.com/buy/toyota-chr-gt-sale-negombo-12116483,SUV,4,Yes,Yes,Yes,Japan
Toyota,Chr GT,2018,"60,000 km",Automatic,Petrol,1200.0,Registered (Used),"2026 Aug 06, 7:14 am",Nugegoda,Rs. 13850000,https://riyasewana.com/buy/toyota-chr-gt-sale-nugegoda-12052441,SUV,4,Yes,Yes,Yes,Japan
Toyota,CHR GT Turbo,2017,"130,000 km",Automatic,Petrol,1300.0,Registered (Used),"2026 Jun 17, 6:18 pm",Panadura,Rs. 12600000,https://riyasewana.com/buy/toyota-chr-gt-sale-panadura-11805799,SUV,4,Yes,Yes,Yes,Japan
Toyota,CHR GT Turbo,2017,"130,000 km",Automatic,Petrol,1300.0,Registered (Used),"2026 Jul 05, 1:40 pm",Panadura,Rs. 12600000,https://riyasewana.com/buy/toyota-chr-gt-sale-panadura-11903087,SUV,4,Yes,Yes,Yes,Japan
Toyota,CHR GT Turbo,2017,"130,000 km",Automatic,Petrol,1300.0,Registered (Used),"2026 Jul 12, 7:21 am",Panadura,Rs. 12475000,https://riyasewana.com/buy/toyota-chr-gt-sale-panadura-11941384,SUV,4,Yes,Yes,Yes,Japan
Toyota,CHR GT Turbo,2017,"130,000 km",Automatic,Petrol,1300.0,Registered (Used),"2026 Jul 26, 8:08 am",Panadura,Rs. 12250000,https://riyasewana.com/buy/toyota-chr-gt-sale-panadura-12026814,SUV,4,Yes,Yes,Yes,Japan
Toyota,CHR Gt Turbo,2018,"66,500 km",Automatic,Petrol,1200.0,Registered (Used),"2026 Aug 02, 6:30 am",Panadura,Rs. 13950000,https://riyasewana.com/buy/toyota-chr-gt-sale-panadura-12067166,SUV,4,Yes,Yes,Yes,Japan
Toyota,CHR GT,2017,"100,000 km",Automatic,Petrol,1200.0,Registered (Used),"2026 Aug 03, 9:12 pm",Panadura,Rs. 12550000,https://riyasewana.com/buy/toyota-chr-gt-sale-panadura-12077676,SUV,4,Yes,Yes,Yes,Japan
Toyota,CHR GT Bruno,2019,"69,000 km",Automatic,Petrol,1200.0,Registered (Used),"2026 Aug 09, 11:30 am",Panadura,Rs. 14150000,https://riyasewana.com/buy/toyota-chr-gt-sale-panadura-12087523,SUV,4,Yes,Yes,Yes,Japan
Toyota,CHR GT TURBO,2017,"134,500 km",Automatic,Petrol,1190.0,Registered (Used),"2026 Aug 09, 8:19 am",Panadura,Negotiable,https://riyasewana.com/buy/toyota-chr-gt-sale-panadura-12108545,SUV,4,Yes,Yes,Yes,Japan
Toyota,CHR GT,2020,"93,000 km",Automatic,Petrol,1200.0,Registered (Used),"2026 Jun 06, 3:21 pm",Pannipitiya,Rs. 13250000,https://riyasewana.com/buy/toyota-chr-gt-sale-pannipitiya-11746704,SUV,4,Yes,Yes,Yes,Japan
Toyota,CHR GT,2017,1 km,Automatic,Petrol,1200.0,Registered (Used),"2026 Aug 10, 10:56 am",Tangalle,Negotiable,https://riyasewana.com/buy/toyota-chr-gt-sale-tangalle-12115705,SUV,4,Yes,Yes,Yes,Japan
Toyota,CHR NGX10,2018,"66,148 km",Automatic,Petrol,1200.0,Registered (Used),"2026 Aug 09, 7:21 pm",Avissawella,Rs. 13700000,https://riyasewana.com/buy/toyota-chr-ngx-sale-avissawella-12038724,SUV,4,Yes,Yes,Yes,Japan
Toyota,CHR Ngx10 Gt Turbo,2018,"76,000 km",Automatic,Petrol,1200.0,Registered (Used),"2026 Aug 05, 6:09 am",Bandaragama,Negotiable,https://riyasewana.com/buy/toyota-chr-ngx-sale-bandaragama-12083767,SUV,4,Yes,Yes,Yes,Japan
Toyota,CHR NGX10 GT TURBO,2018,"65,205 km",Automatic,Petrol,,Registered (Used),"2026 Aug 07, 2:09 pm",Boralesgamuwa,Rs. 13390000,https://riyasewana.com/buy/toyota-chr-ngx-sale-boralesgamuwa-12098174,SUV,4,Yes,Yes,Yes,Japan
Toyota,CHR NGX10,2019,,Automatic,Petrol,1500.0,Registered (Used),"2026 Aug 06, 6:20 am",Chilaw,Negotiable,https://riyasewana.com/buy/toyota-chr-ngx-sale-chilaw-12089414,SUV,4,Yes,Yes,Yes,Japan
Toyota,CHR NGX10,2020,"96,000 km",Automatic,Petrol,1200.0,Registered (Used),"2026 Jul 08, 7:28 am",Colombo,Rs. 13650000,https://riyasewana.com/buy/toyota-chr-ngx-sale-colombo-11856559,SUV,4,Yes,Yes,Yes,Japan
Toyota,CHR NGX10 GT Boost Impulse,2018,"83,000 km",Automatic,Petrol,1200.0,Registered (Used),"2026 Jul 10, 1:14 pm",Colombo,Rs. 13850000,https://riyasewana.com/buy/toyota-chr-ngx-sale-colombo-1188₀₈₀₇,SUV,4,Yes,Yes,Yes,Japan
Toyota,CHR NGX10,2019,"79,000 km",Automatic,Petrol,1200.0,Registered (Used),"2026 Aug 04, 6:42 pm",Colombo,Rs. 13700000,https://riyasewana.com/buy/toyota-chr-ngx-sale-colombo-12082565,SUV,4,Yes,Yes,Yes,Japan
Toyota,CHR Ngx50,2018,"150,000 km",Automatic,Petrol,1200.0,Registered (Used),"2026 Aug 07, 5:15 pm",Colombo,Rs. 12980000,https://riyasewana.com/buy/toyota-chr-ngx-sale-colombo-12099180,SUV,4,Yes,Yes,Yes,Japan
Toyota,CHR NGX50,2018,"150,000 km",Automatic,Petrol,1200.0,Registered (Used),"2026 Aug 08, 11:12 pm",Colombo,Rs. 12950000,https://riyasewana.com/buy/toyota-chr-ngx-sale-colombo-12107651,SUV,4,Yes,Yes,Yes,Japan
Toyota,CHR NGX10 2WD,2018,"44,500 km",Automatic,Petrol,1200.0,Registered (Used),"2026 Jun 14, 4:35 pm",Dehiwala-Mount-Lavinia,Rs. 14500000,https://riyasewana.com/buy/toyota-chr-ngx-sale-dehiwala-mount-lavinia-11789647,SUV,4,Yes,Yes,Yes,Japan
Toyota,CHR NGX50 4WD,2017,"79,000 km",Automatic,Petrol,1200.0,Registered (Used),"2026 Jun 16, 5:02 pm",Dehiwala-Mount-Lavinia,Rs. 13400000,https://riyasewana.com/buy/toyota-chr-ngx-sale-dehiwala-mount-lavinia-11800098,SUV,4,Yes,Yes,Yes,Japan
Toyota,CHR NGX10 GT Turbo,2017,"126,000 km",Automatic,Petrol,1200.0,Registered (Used),"2026 Aug 09, 9:32 am",Divulapitiya,Rs. 11475000,https://riyasewana.com/buy/toyota-chr-ngx-sale-divulapitiya-12109313,SUV,4,Yes,Yes,Yes,Japan
Toyota,CHR NGX50,2017,"65,000 km",Automatic,Petrol,1190.0,Registered (Used),"2026 Jun 21, 3:13 pm",Galle,Rs. 13700000,https://riyasewana.com/buy/toyota-chr-ngx-sale-galle-11827514,SUV,4,Yes,Yes,Yes,Japan
Toyota,CHR NGX10,2018,"75,000 km",Automatic,Petrol,1500.0,Registered (Used),"2026 Jul 21, 12:09 pm",Galle,Negotiable,https://riyasewana.com/buy/toyota-chr-ngx-sale-galle-11997952,SUV,4,Yes,Yes,Yes,Japan
Toyota,CHR NGX10,2018,"100,000 km",Automatic,Petrol,1200.0,Registered (Used),"2026 Jun 21, 5:39 am",Gampaha,Rs. 13975000,https://riyasewana.com/buy/toyota-chr-ngx-sale-gampaha-11823822,SUV,4,Yes,Yes,Yes,Japan
Toyota,CHR NGX10 GT TURBO,2018,"72,000 km",Automatic,Petrol,1200.0,Registered (Used),"2026 Jul 29, 10:27 am",Gampaha,Rs. 14200000,https://riyasewana.com/buy/toyota-chr-ngx-sale-gampaha-12045380,SUV,4,Yes,Yes,Yes,Japan
Toyota,CHR NGX10 Bruno Safety GT Turbo,2019,"40,000 km",Automatic,Petrol,1200.0,Registered (Used),"2026 Jul 31, 4:27 pm",Gampaha,Rs. 15675000,https://riyasewana.com/buy/toyota-chr-ngx-sale-gampaha-12058107,SUV,4,Yes,Yes,Yes,Japan
Toyota,CHR NGX10,2019,"51,325 km",Automatic,Petrol,1200.0,Registered (Used),"2026 Aug 07, 11:00 am",Gampaha,Rs. 14950000,https://riyasewana.com/buy/toyota-chr-ngx-sale-gampaha-12097007,SUV,4,Yes,Yes,Yes,Japan
Toyota,CHR NGX10,2018,"56,000 km",Automatic,Petrol,1200.0,Registered (Used),"2026 Jun 13, 10:27 am",Ja-Ela,Rs. 14100000,https://riyasewana.com/buy/toyota-chr-ngx-sale-ja-ela-11781610,SUV,4,Yes,Yes,Yes,Japan
Toyota,CHR Ngx10,2018,"52,500 km",Automatic,Petrol,1200.0,Registered (Used),"2026 Jul 31, 2:31 pm",Jaffna,Rs. 14200000,https://riyasewana.com/buy/toyota-chr-ngx-sale-jaffna-12057506,SUV,4,Yes,Yes,Yes,Japan
Toyota,CHR NGX10,2018,"72,000 km",Automatic,Petrol,1200.0,Registered (Used),"2026 Aug 08, 11:55 am",Kaduwela,Rs. 13850000,https://riyasewana.com/buy/toyota-chr-ngx-sale-kaduwela-12104351,SUV,4,Yes,Yes,Yes,Japan
Toyota,CHR NGX50 Turbo,2018,"74,400 km",Automatic,Petrol,1150.0,Registered (Used),"2026 Jun 30, 3:32 pm",Kandy,Rs. 13800000,https://riyasewana.com/buy/toyota-chr-ngx-sale-kandy-11874141,SUV,4,Yes,Yes,Yes,Japan
Toyota,CHR NGX10,2018,"47,000 km",Automatic,Petrol,1200.0,Registered (Used),"2026 Jul 29, 8:58 pm",Katunayake,Rs. 14250000,https://riyasewana.com/buy/toyota-chr-ngx-sale-katunayake-12048333,SUV,4,Yes,Yes,Yes,Japan
Toyota,Chr NGX10,2018,"79,900 km",Manual,Petrol,1200.0,Registered (Used),"2026 Jul 24, 7:24 pm",Kegalle,Rs. 14250000,https://riyasewana.com/buy/toyota-chr-ngx-sale-kegalle-12017871,SUV,4,Yes,Yes,Yes,Japan
Toyota,CHR NGX10 Nero,2023,"28,000 km",Automatic,Petrol,1200.0,Registered (Used),"2026 Aug 09, 6:38 pm",Kuliyapitiya,Rs. 16800000,https://riyasewana.com/buy/toyota-chr-ngx-sale-kuliyapitiya-12112819,SUV,4,Yes,Yes,Yes,Japan
Toyota,CHR NGX10,2019,"98,500 km",Automatic,Petrol,1200.0,Registered (Used),"2026 Jun 18, 7:16 pm",Kurunegala,Rs. 16200000,https://riyasewana.com/buy/toyota-chr-ngx-sale-kurunegala-11811267,SUV,4,Yes,Yes,Yes,Japan
Toyota,CHR NGX10,2018,"92,000 km",Automatic,Petrol,1.0,Registered (Used),"2026 Jul 03, 7:10 pm",Matara,Rs. 14300000,https://riyasewana.com/buy/toyota-chr-ngx-sale-matara-11891805,SUV,4,Yes,Yes,Yes,Japan
Toyota,CHR NGX10,2018,"117,000 km",Automatic,Petrol,1200.0,Registered (Used),"2026 Jul 19, 11:03 am",Mirigama,Rs. 13600000,https://riyasewana.com/buy/toyota-chr-ngx-sale-mirigama-11986076,SUV,4,Yes,Yes,Yes,Japan
Toyota,CHR NGX10 GT Turbo,2018,"118,000 km",Automatic,Petrol,1200.0,Registered (Used),"2026 Aug 08, 9:15 am",Mirigama,Rs. 13500000,https://riyasewana.com/buy/toyota-chr-ngx-sale-mirigama-12102709,SUV,4,Yes,Yes,Yes,Japan
Toyota,CHR NGX10 GT TURBO Bruno,2018,"55,000 km",Automatic,Petrol,1200.0,Registered (Used),"2026 Aug 10, 8:23 am",Negombo,Rs. 13150000,https://riyasewana.com/buy/toyota-chr-ngx-sale-negombo-12114515,SUV,4,Yes,Yes,Yes,Japan
Toyota,CHR Ngx10,2020,"31,000 km",Automatic,Petrol,1300.0,Registered (Used),"2026 Aug 10, 3:11 pm",Negombo,Rs. 15700000,https://riyasewana.com/buy/toyota-chr-ngx-sale-negombo-12117191,SUV,4,Yes,Yes,Yes,Japan
Toyota,Chr NGX50,2017,"80,000 km",Automatic,Petrol,1200.0,Registered (Used),"2026 Aug 09, 9:02 am",Piliyandala,Rs. 13950000,https://riyasewana.com/buy/toyota-chr-ngx-sale-piliyandala-12108978,SUV,4,Yes,Yes,Yes,Japan
Toyota,CHR NGX10,2020,"63,000 km",Automatic,Hybrid,1200.0,Registered (Used),"2026 Jul 07, 3:55 pm",Trincomalee,Rs. 16000000,https://riyasewana.com/buy/toyota-chr-ngx-sale-trincomalee-11914538,SUV,4,Yes,Yes,Yes,Japan
Toyota,CHR NGX10,2018,"80,000 km",Automatic,Petrol,1200.0,Registered (Used),"2026 Aug 05, 2:55 pm",Wennappuwa,Negotiable,https://riyasewana.com/buy/toyota-chr-ngx-sale-wennappuwa-12087159,SUV,4,Yes,Yes,Yes,Japan
Toyota,CHR NGX10,2020,"80,000 km",Automatic,Petrol,1200.0,Registered (Used),"2026 Aug 10, 11:39 am",Chilaw,Negotiable,https://riyasewana.com/buy/toyota-chr-ngx10-sale-chilaw-12116034,SUV,4,Yes,Yes,Yes,Japan
Toyota,CHR NGX10,2018,"83,000 km",Automatic,Petrol,1200.0,Registered (Used),"2026 Jul 12, 9:34 am",Colombo,Rs. 13850000,https://riyasewana.com/buy/toyota-chr-ngx10-sale-colombo-11942576,SUV,4,Yes,Yes,Yes,Japan
Toyota,CHR Ngx10,2018,"111,700 km",Automatic,Petrol,1190.0,Registered (Used),"2026 Jul 14, 11:08 pm",Colombo,Rs. 13460000,https://riyasewana.com/buy/toyota-chr-ngx10-sale-colombo-11958482,SUV,4,Yes,Yes,Yes,Japan
Toyota,CHR NGX10 Turbo,2018,"100,000 km",Automatic,Petrol,1200.0,Registered (Used),"2026 Jul 20, 10:51 am",Colombo,Negotiable,https://riyasewana.com/buy/toyota-chr-ngx10-sale-colombo-11991372,SUV,4,Yes,Yes,Yes,Japan
Toyota,CHR NGX10,2019,"126,352 km",Automatic,Petrol,1500.0,Registered (Used),"2026 Jul 25, 2:12 pm",Galle,Rs. 13650000,https://riyasewana.com/buy/toyota-chr-ngx10-sale-galle-12023555,SUV,4,Yes,Yes,Yes,Japan
Toyota,CHR Ngx10 GT Turbo,2018,"89,000 km",Automatic,Petrol,1200.0,Registered (Used),"2026 Aug 09, 3:08 pm",Galle,Rs. 13800000,https://riyasewana.com/buy/toyota-chr-ngx10-sale-galle-12111890,SUV,4,Yes,Yes,Yes,Japan
Toyota,CHR NGX10,2018,"73,000 km",Automatic,Petrol,1200.0,Registered (Used),"2026 Aug 03, 8:04 pm",Kaduwela,Rs. 13850000,https://riyasewana.com/buy/toyota-chr-ngx10-sale-kaduwela-12077430,SUV,4,Yes,Yes,Yes,Japan
Toyota,CHR NGX10 TURBO,2018,"95,000 km",Automatic,Petrol,1200.0,Registered (Used),"2026 Jul 28, 6:49 pm",Kalutara,Rs. 14100000,https://riyasewana.com/buy/toyota-chr-ngx10-sale-kalutara-12042294,SUV,4,Yes,Yes,Yes,Japan
Toyota,CHR NGX10 EAGLE EYE,2020,"60,000 km",Automatic,Petrol,1000.0,Registered (Used),"2026 Aug 08, 10:43 am",Kandana,Rs. 14950000,https://riyasewana.com/buy/toyota-chr-ngx10-sale-kandana-12103738,SUV,4,Yes,Yes,Yes,Japan
Toyota,CHR NGX10,2018,"84,500 km",Automatic,Petrol,1190.0,Registered (Used),"2026 May 23, 11:08 am",Kelaniya,Rs. 13600000,https://riyasewana.com/buy/toyota-chr-ngx10-sale-kelaniya-11681376,SUV,4,Yes,Yes,Yes,Japan
Toyota,CHR NGX10,2018,"81,000 km",Automatic,Petrol,1200.0,Registered (Used),"2026 Aug 10, 3:52 pm",Matara,Rs. 12900000,https://riyasewana.com/buy/toyota-chr-ngx10-sale-matara-12117389,SUV,4,Yes,Yes,Yes,Japan
Toyota,CHR NGX10,2018,"91,600 km",Automatic,Petrol,1200.0,Registered (Used),"2026 Jul 23, 9:10 pm",Moratuwa,Rs. 13750000,https://riyasewana.com/buy/toyota-chr-ngx10-sale-moratuwa-12012400,SUV,4,Yes,Yes,Yes,Japan
Toyota,CHR NGX10,2018,"81,000 km",Automatic,Petrol,1200.0,Registered (Used),"2026 Jul 22, 11:01 am",Negombo,Negotiable,https://riyasewana.com/buy/toyota-chr-ngx10-sale-negombo-12003282,SUV,4,Yes,Yes,Yes,Japan
Toyota,CHR NGX10,2018,"65,000 km",Automatic,Petrol,1200.0,Registered (Used),"2026 Aug 04, 10:39 am",Negombo,Rs. 14000000,https://riyasewana.com/buy/toyota-chr-ngx10-sale-negombo-12079846,SUV,4,Yes,Yes,Yes,Japan
Toyota,CHR NGX10,2018,"69,000 km",Automatic,Petrol,1200.0,Registered (Used),"2026 Aug 07, 8:51 am",Negombo,Rs. 14000000,https://riyasewana.com/buy/toyota-chr-ngx10-sale-negombo-12095907,SUV,4,Yes,Yes,Yes,Japan
Toyota,CHR NGX10,2019,"90,000 km",Automatic,Petrol,1190.0,Registered (Used),"2026 Aug 07, 9:49 pm",Tangalle,Negotiable,https://riyasewana.com/buy/toyota-chr-ngx10-sale-tangalle-12100631,SUV,4,Yes,Yes,Yes,Japan
Toyota,CHR Ngx10 gt Turbo,2020,"117,000 km",Automatic,Petrol,1200.0,Registered (Used),"2026 Aug 08, 11:03 pm",Kurunegala,Negotiable,https://riyasewana.com/buy/toyota-chr-ngx10gt-sale-kurunegala-12107633,SUV,4,Yes,Yes,Yes,Japan
Toyota,CHR NGX50,2017,"96,000 km",Automatic,Petrol,1200.0,Registered (Used),"2026 Aug 08, 10:01 am",Bandaragama,Rs. 12150000,https://riyasewana.com/buy/toyota-chr-ngx50-sale-bandaragama-12103286,SUV,4,Yes,Yes,Yes,Japan
Toyota,CHR NGX50 GT Turbo,2017,"51,000 km",Automatic,Petrol,1190.0,Registered (Used),"2026 Jul 21, 10:37 am",Chilaw,Rs. 13800000,https://riyasewana.com/buy/toyota-chr-ngx50-sale-chilaw-11997203,SUV,4,Yes,Yes,Yes,Japan
Toyota,CHR NGX50 GT Turbo,2017,"51,000 km",Automatic,Petrol,1190.0,Registered (Used),"2026 Jul 22, 1:09 pm",Chilaw,Rs. 13800000,https://riyasewana.com/buy/toyota-chr-ngx50-sale-chilaw-12004138,SUV,4,Yes,Yes,Yes,Japan
Toyota,CHR NGX50 GT TURBO,2018,"104,550 km",Automatic,Petrol,1200.0,Registered (Used),"2026 Aug 07, 1:16 pm",Chilaw,Rs. 12800000,https://riyasewana.com/buy/toyota-chr-ngx50-sale-chilaw-12097874,SUV,4,Yes,Yes,Yes,Japan
Toyota,CHR NGX50 GT Turbo,2018,"127,000 km",Automatic,Petrol,1200.0,Registered (Used),"2026 Aug 09, 10:56 am",Galle,Rs. 12500000,https://riyasewana.com/buy/toyota-chr-ngx50-sale-galle-12110218,SUV,4,Yes,Yes,Yes,Japan
Toyota,CHR NGX50,2018,"93,000 km",Automatic,Petrol,1200.0,Registered (Used),"2026 Jun 27, 9:09 am",Kadawatha,Rs. 14500000,https://riyasewana.com/buy/toyota-chr-ngx50-sale-kadawatha-11857967,SUV,4,Yes,Yes,Yes,Japan
Toyota,CHR NGX50,2017,"91,500 km",Automatic,Petrol,1200.0,Registered (Used),"2026 Aug 06, 6:16 pm",Kandy,Rs. 12200000,https://riyasewana.com/buy/toyota-chr-ngx50-sale-kandy-12093795,SUV,4,Yes,Yes,Yes,Japan
Toyota,CHR NGX50,2018,"103,000 km",Automatic,Petrol,1200.0,Registered (Used),"2026 Jun 21, 7:07 pm",Kottawa,Rs. 12950000,https://riyasewana.com/buy/toyota-chr-ngx50-sale-kottawa-11828555,SUV,4,Yes,Yes,Yes,Japan
Toyota,CHR NGX50 GT AWD,2018,"80,000 km",Automatic,Petrol,1200.0,Registered (Used),"2026 Jul 31, 12:57 pm",Matara,Rs. 13450000,https://riyasewana.com/buy/toyota-chr-ngx50-sale-matara-12057013,SUV,4,Yes,Yes,Yes,Japan
Toyota,CHR NGX50 GT AWD Boost Impulse,2019,"72,000 km",Automatic,Petrol,1200.0,Registered (Used),"2026 Jul 31, 5:05 pm",Matara,Negotiable,https://riyasewana.com/buy/toyota-chr-ngx50-sale-matara-12058343,SUV,4,Yes,Yes,Yes,Japan
Toyota,CHR NGX50,2018,"45,000 km",Automatic,Petrol,1200.0,Registered (Used),"2026 Jun 22, 9:57 am",Negombo,Rs. 13800000,https://riyasewana.com/buy/toyota-chr-ngx50-sale-negombo-11830765,SUV,4,Yes,Yes,Yes,Japan
Toyota,CHR NGX50,2017,"99,000 km",Automatic,Petrol,1200.0,Registered (Used),"2026 Jul 28, 10:26 am",Negombo,Rs. 12950000,https://riyasewana.com/buy/toyota-chr-ngx50-sale-negombo-12039479,SUV,4,Yes,Yes,Yes,Japan
Toyota,CHR NGX50,2017,"98,000 km",Automatic,Petrol,1200.0,Registered (Used),"2026 Aug 03, 10:58 am",Negombo,Rs. 12700000,https://riyasewana.com/buy/toyota-chr-ngx50-sale-negombo-12074843,SUV,4,Yes,Yes,Yes,Japan
Toyota,Chr Nxg10,2018,"96,000 km",Automatic,Petrol,1800.0,Registered (Used),"2026 Jul 19, 6:11 pm",Galle,Rs. 13200000,https://riyasewana.com/buy/toyota-chr-nxg-sale-galle-11988431,SUV,4,Yes,Yes,Yes,Japan
Toyota,CHR,2020,"18,000 km",Automatic,Petrol,1500.0,Registered (Used),"2026 Aug 10, 5:05 pm",Ampara,Rs. 15800000,https://riyasewana.com/buy/toyota-chr-sale-ampara-12117700,SUV,4,Yes,Yes,Yes,Japan
Toyota,Chr,2018,"56,000 km",Automatic,Petrol,1200.0,Registered (Used),"2026 Jun 28, 11:09 am",Anuradapura,Rs. 13500000,https://riyasewana.com/buy/toyota-chr-sale-anuradapura-11864635,SUV,4,Yes,Yes,Yes,Japan
Toyota,CHR,2019,"46,000 km",Automatic,Petrol,1200.0,Registered (Used),"2026 Jul 02, 8:30 pm",Anuradapura,Rs. 13900000,https://riyasewana.com/buy/toyota-chr-sale-anuradapura-11886444,SUV,4,Yes,Yes,Yes,Japan
Toyota,CHR,2019,"90,000 km",Automatic,Petrol,1200.0,Registered (Used),"2026 Aug 06, 7:30 pm",Avissawella,Rs. 15150000,https://riyasewana.com/buy/toyota-chr-sale-avissawella-12094124,SUV,4,Yes,Yes,Yes,Japan
Toyota,CHR,2019,"82,000 km",Automatic,Petrol,,Registered (Used),"2026 Jul 10, 7:49 pm",Bandaragama,Rs. 14900000,https://riyasewana.com/buy/toyota-chr-sale-bandaragama-11933244,SUV,4,Yes,Yes,Yes,Japan
Toyota,CHR,2018,"95,000 km",Automatic,Petrol,1200.0,Registered (Used),"2026 Jul 13, 9:25 am",Battaramulla,Rs. 14500000,https://riyasewana.com/buy/toyota-chr-sale-battaramulla-11948146,SUV,4,Yes,Yes,Yes,Japan
Toyota,CHR,2017,"58,900 km",Automatic,Petrol,1200.0,Registered (Used),"2026 Aug 07, 7:59 pm",Battaramulla,Rs. 12750000,https://riyasewana.com/buy/toyota-chr-sale-battaramulla-12100102,SUV,4,Yes,Yes,Yes,Japan
Toyota,CHR,2017,"94,000 km",Automatic,Petrol,1000.0,Registered (Used),"2026 May 22, 7:41 am",Batticaloa,Negotiable,https://riyasewana.com/buy/toyota-chr-sale-batticaloa-11674385,SUV,4,Yes,Yes,Yes,Japan
Toyota,CHR,2018,"124,000 km",Automatic,Petrol,1200.0,Registered (Used),"2026 Jul 27, 4:52 pm",Boralesgamuwa,Rs. 13375000,https://riyasewana.com/buy/toyota-chr-sale-boralesgamuwa-12036110,SUV,4,Yes,Yes,Yes,Japan
Toyota,CHR,2017,"102,000 km",Automatic,Petrol,1199.0,Registered (Used),"2026 Aug 05, 9:06 am",Boralesgamuwa,Rs. 12290000,https://riyasewana.com/buy/toyota-chr-sale-boralesgamuwa-12084778,SUV,4,Yes,Yes,Yes,Japan
Toyota,CHR,2017,"144,000 km",Automatic,Petrol,,Registered (Used),"2026 Aug 06, 2:12 pm",Boralesgamuwa,Rs. 13500000,https://riyasewana.com/buy/toyota-chr-sale-boralesgamuwa-12092697,SUV,4,Yes,Yes,Yes,Japan
Toyota,Chr,2017,"111,500 km",Automatic,Hybrid,1800.0,Registered (Used),"2026 Aug 10, 1:07 pm",Chilaw,Rs. 14100000,https://riyasewana.com/buy/toyota-chr-sale-chilaw-12095544,SUV,4,Yes,Yes,Yes,Japan
Toyota,CHR,2018,"105,000 km",Automatic,Petrol,1200.0,Registered (Used),"2026 May 14, 11:48 am",Colombo,Rs. 11950000,https://riyasewana.com/buy/toyota-chr-sale-colombo-11365674,SUV,4,Yes,Yes,Yes,Japan
Toyota,CHR,2019,"72,950 km",Automatic,Petrol,1200.0,Registered (Used),"2026 May 14, 2:31 pm",Colombo,Rs. 14500000,https://riyasewana.com/buy/toyota-chr-sale-colombo-11635136,SUV,4,Yes,Yes,Yes,Japan
Toyota,CHR,2018,"98,000 km",Automatic,Petrol,1200.0,Registered (Used),"2026 May 26, 4:15 pm",Colombo,Rs. 14500000,https://riyasewana.com/buy/toyota-chr-sale-colombo-11698611,SUV,4,Yes,Yes,Yes,Japan
Toyota,CHR,2020,"100,000 km",Automatic,Petrol,1200.0,Registered (Used),"2026 Jun 03, 9:00 am",Colombo,Rs. 13300000,https://riyasewana.com/buy/toyota-chr-sale-colombo-11729205,SUV,4,Yes,Yes,Yes,Japan
Toyota,CHR,2018,"95,000 km",Automatic,Petrol,1200.0,Registered (Used),"2026 Jun 03, 11:49 am",Colombo,Rs. 14350000,https://riyasewana.com/buy/toyota-chr-sale-colombo-11730395,SUV,4,Yes,Yes,Yes,Japan
Toyota,CHR,2016,"100,000 km",Automatic,Petrol,1200.0,Registered (Used),"2026 Jun 21, 12:14 pm",Colombo,Rs. 13000000,https://riyasewana.com/buy/toyota-chr-sale-colombo-11826567,SUV,4,Yes,Yes,Yes,Japan
Toyota,CHR,2018,"106,800 km",Automatic,Petrol,1200.0,Registered (Used),"2026 Jul 13, 7:49 am",Colombo,Rs. 13250000,https://riyasewana.com/buy/toyota-chr-sale-colombo-11893605,SUV,4,Yes,Yes,Yes,Japan
Toyota,CHR,2018,"50,000 km",Automatic,Petrol,1200.0,Registered (Used),"2026 Jul 14, 1:03 pm",Colombo,Rs. 14500000,https://riyasewana.com/buy/toyota-chr-sale-colombo-11955937,SUV,4,Yes,Yes,Yes,Japan
Toyota,CHR,2019,"67,000 km",Automatic,Petrol,1500.0,Registered (Used),"2026 Jul 16, 1:19 pm",Colombo,Rs. 15150000,https://riyasewana.com/buy/toyota-chr-sale-colombo-11967425,SUV,4,Yes,Yes,Yes,Japan
Toyota,CHR,2018,"26,000 km",Automatic,Petrol,1200.0,Registered (Used),"2026 Jul 16, 5:06 pm",Colombo,Negotiable,https://riyasewana.com/buy/toyota-chr-sale-colombo-11968524,SUV,4,Yes,Yes,Yes,Japan
Toyota,CHR,2018,"84,000 km",Automatic,Petrol,1200.0,Registered (Used),"2026 Jul 22, 8:27 am",Colombo,Rs. 14200000,https://riyasewana.com/buy/toyota-chr-sale-colombo-12001902,SUV,4,Yes,Yes,Yes,Japan
Toyota,CHR,2023,"21,000 km",Automatic,Petrol,1200.0,Registered (Used),"2026 Jul 23, 8:50 am",Colombo,Rs. 17700000,https://riyasewana.com/buy/toyota-chr-sale-colombo-12008013,SUV,4,Yes,Yes,Yes,Japan
Toyota,CHR,2017,"160,000 km",Automatic,Petrol,1.0,Registered (Used),"2026 Aug 10, 5:56 pm",Colombo,Rs. 13300000,https://riyasewana.com/buy/toyota-chr-sale-colombo-12053402,SUV,4,Yes,Yes,Yes,Japan
Toyota,CHR,2016,"46,000 km",Automatic,Petrol,1200.0,Registered (Used),"2026 Aug 01, 1:19 pm",Colombo,Rs. 13800000,https://riyasewana.com/buy/toyota-chr-sale-colombo-12064284,SUV,4,Yes,Yes,Yes,Japan
Toyota,CHR,2017,"110,000 km",Automatic,Petrol,1500.0,Registered (Used),"2026 Aug 02, 11:18 am",Colombo,Negotiable,https://riyasewana.com/buy/toyota-chr-sale-colombo-12069591,SUV,4,Yes,Yes,Yes,Japan
Toyota,CHR,2017,"92,000 km",Automatic,Petrol,1200.0,Registered (Used),"2026 Aug 04, 12:03 pm",Colombo,Rs. 13000000,https://riyasewana.com/buy/toyota-chr-sale-colombo-12080545,SUV,4,Yes,Yes,Yes,Japan
Toyota,CHR,2018,"116,000 km",Automatic,Petrol,1200.0,Registered (Used),"2026 Aug 06, 10:51 am",Colombo,Rs. 12150000,https://riyasewana.com/buy/toyota-chr-sale-colombo-12091431,SUV,4,Yes,Yes,Yes,Japan
Toyota,CHR,2016,"139,000 km",Automatic,Petrol,1200.0,Registered (Used),"2026 Aug 09, 4:06 pm",Colombo,Rs. 11700000,https://riyasewana.com/buy/toyota-chr-sale-colombo-12112161,SUV,4,Yes,Yes,Yes,Japan
Toyota,CHR,2018,"135,000 km",Automatic,Petrol,1190.0,Registered (Used),"2026 Jul 13, 10:59 pm",Dehiwala-Mount-Lavinia,Rs. 13500000,https://riyasewana.com/buy/toyota-chr-sale-dehiwala-mount-lavinia-11952632,SUV,4,Yes,Yes,Yes,Japan
Toyota,Chr,2018,"118,000 km",Automatic,Petrol,1200.0,Registered (Used),"2026 Jun 17, 6:32 pm",Embilipitiya,Rs. 14700000,https://riyasewana.com/buy/toyota-chr-sale-embilipitiya-11805866,SUV,4,Yes,Yes,Yes,Japan
Toyota,CHR,2018,"112,000 km",Automatic,Petrol,1200.0,Registered (Used),"2026 Jun 22, 11:18 am",Galle,Rs. 12950000,https://riyasewana.com/buy/toyota-chr-sale-galle-11831401,SUV,4,Yes,Yes,Yes,Japan
Toyota,CHR,2017,"108,000 km",Automatic,Petrol,1200.0,Registered (Used),"2026 Jul 03, 7:31 am",Galle,Rs. 12200000,https://riyasewana.com/buy/toyota-chr-sale-galle-11887512,SUV,4,Yes,Yes,Yes,Japan
Toyota,CHR,2019,"75,200 km",Automatic,Petrol,1190.0,Registered (Used),"2026 Jul 12, 10:23 am",Galle,Rs. 13950000,https://riyasewana.com/buy/toyota-chr-sale-galle-11943058,SUV,4,Yes,Yes,Yes,Japan
Toyota,CHR,2019,"74,000 km",Automatic,Petrol,1190.0,Registered (Used),"2026 Aug 01, 5:58 pm",Galle,Rs. 13650000,https://riyasewana.com/buy/toyota-chr-sale-galle-12065725,SUV,4,Yes,Yes,Yes,Japan
Toyota,CHR,2018,"180,000 km",Automatic,Petrol,1200.0,Registered (Used),"2026 Aug 09, 8:56 pm",Galle,Rs. 12350000,https://riyasewana.com/buy/toyota-chr-sale-galle-12094461,SUV,4,Yes,Yes,Yes,Japan
Toyota,CHR,2018,"100,000 km",Automatic,Petrol,1200.0,Registered (Used),"2026 Aug 09, 12:58 pm",Galle,Rs. 13000000,https://riyasewana.com/buy/toyota-chr-sale-galle-12111215,SUV,4,Yes,Yes,Yes,Japan
Toyota,CHR,2020,"104,200 km",Automatic,Petrol,1200.0,Registered (Used),"2026 May 26, 7:14 am",Gampaha,Rs. 14860000,https://riyasewana.com/buy/toyota-chr-sale-gampaha-11695661,SUV,4,Yes,Yes,Yes,Japan
Toyota,CHR,2019,"48,000 km",Automatic,Petrol,,Registered (Used),"2026 Jun 06, 10:59 am",Gampaha,Rs. 14600000,https://riyasewana.com/buy/toyota-chr-sale-gampaha-11742490,SUV,4,Yes,Yes,Yes,Japan
Toyota,CHR,2018,"35,000 km",Automatic,Petrol,1200.0,Registered (Used),"2026 Aug 08, 9:49 am",Gampaha,Negotiable,https://riyasewana.com/buy/toyota-chr-sale-gampaha-12103129,SUV,4,Yes,Yes,Yes,Japan
Toyota,CHR,2018,"108,000 km",Automatic,Petrol,1200.0,Registered (Used),"2026 Aug 09, 2:47 pm",Gampaha,Rs. 12700000,https://riyasewana.com/buy/toyota-chr-sale-gampaha-12111786,SUV,4,Yes,Yes,Yes,Japan
Toyota,CHR,2017,"99,000 km",Automatic,Petrol,1200.0,Registered (Used),"2026 Aug 10, 11:24 am",Gampaha,Rs. 12000000,https://riyasewana.com/buy/toyota-chr-sale-gampaha-12115914,SUV,4,Yes,Yes,Yes,Japan
Toyota,CHR,2018,"35,580 km",Automatic,Petrol,1200.0,Registered (Used),"2026 Aug 10, 6:23 pm",Gampaha,Rs. 14000000,https://riyasewana.com/buy/toyota-chr-sale-gampaha-12117972,SUV,4,Yes,Yes,Yes,Japan
Toyota,CHR,2020,"5,200 km",Automatic,Petrol,1200.0,Registered (Used),"2026 Jul 01, 10:23 pm",Hambantota,Negotiable,https://riyasewana.com/buy/toyota-chr-sale-hambantota-11881071,SUV,4,Yes,Yes,Yes,Japan
Toyota,CHR,2017,"90,000 km",Automatic,Petrol,1190.0,Registered (Used),"2026 Jun 14, 10:32 am",Homagama,Rs. 13250000,https://riyasewana.com/buy/toyota-chr-sale-homagama-11787541,SUV,4,Yes,Yes,Yes,Japan
Toyota,CHR,2020,"76,875 km",Automatic,Petrol,1200.0,Registered (Used),"2026 Aug 06, 12:37 pm",Homagama,Rs. 13950000,https://riyasewana.com/buy/toyota-chr-sale-homagama-12092198,SUV,4,Yes,Yes,Yes,Japan
Toyota,CHR,2018,"60,936 km",Automatic,Petrol,1197.0,Registered (Used),"2026 Aug 07, 3:30 pm",Homagama,Rs. 13000000,https://riyasewana.com/buy/toyota-chr-sale-homagama-12098634,SUV,4,Yes,Yes,Yes,Japan
Toyota,CHR,2017,"138,000 km",Automatic,Petrol,1200.0,Registered (Used),"2026 Jun 22, 11:05 am",Ja-Ela,Negotiable,https://riyasewana.com/buy/toyota-chr-sale-ja-ela-11831310,SUV,4,Yes,Yes,Yes,Japan
Toyota,CHR,2017,"140,000 km",Automatic,Petrol,1200.0,Registered (Used),"2026 Jul 22, 10:14 pm",Ja-Ela,Negotiable,https://riyasewana.com/buy/toyota-chr-sale-ja-ela-12006666,SUV,4,Yes,Yes,Yes,Japan
Toyota,CHR,2023,"20,000 km",Automatic,Petrol,1300.0,Registered (Used),"2026 Jul 05, 2:46 pm",Jaffna,Rs. 16900000,https://riyasewana.com/buy/toyota-chr-sale-jaffna-11903408,SUV,4,Yes,Yes,Yes,Japan
Toyota,CHR,2018,"96,000 km",Automatic,Petrol,1200.0,Registered (Used),"2026 Aug 01, 7:42 pm",Jaffna,Rs. 14190000,https://riyasewana.com/buy/toyota-chr-sale-jaffna-12066250,SUV,4,Yes,Yes,Yes,Japan
Toyota,CHR,2017,"46,000 km",Automatic,Petrol,1200.0,Registered (Used),"2026 May 25, 9:44 pm",Kadawatha,Rs. 13800000,https://riyasewana.com/buy/toyota-chr-sale-kadawatha-11694994,SUV,4,Yes,Yes,Yes,Japan
Toyota,CHR,2017,"114,000 km",Automatic,Petrol,1500.0,Registered (Used),"2026 Jun 22, 4:50 pm",Kadawatha,Rs. 12700000,https://riyasewana.com/buy/toyota-chr-sale-kadawatha-11833171,SUV,4,Yes,Yes,Yes,Japan
Toyota,CHR,2018,"94,000 km",Automatic,Petrol,1200.0,Registered (Used),"2026 Jun 24, 7:40 pm",Kadawatha,Rs. 14500000,https://riyasewana.com/buy/toyota-chr-sale-kadawatha-11844696,SUV,4,Yes,Yes,Yes,Japan
Toyota,CHR,2018,"102,000 km",Automatic,Petrol,1200.0,Registered (Used),"2026 May 27, 8:47 am",Kaduwela,Rs. 14250000,https://riyasewana.com/buy/toyota-chr-sale-kaduwela-11700839,SUV,4,Yes,Yes,Yes,Japan
Toyota,CHR,2019,"61,000 km",Automatic,Petrol,1200.0,Registered (Used),"2026 Jun 14, 9:06 am",Kaduwela,Rs. 15300000,https://riyasewana.com/buy/toyota-chr-sale-kaduwela-11786735,SUV,4,Yes,Yes,Yes,Japan
Toyota,CHR,2018,"95,000 km",Automatic,Petrol,1200.0,Registered (Used),"2026 Jul 29, 3:19 pm",Kalutara,Rs. 13900000,https://riyasewana.com/buy/toyota-chr-sale-kalutara-12047160,SUV,4,Yes,Yes,Yes,Japan
Toyota,CHR,2017,"72,000 km",Automatic,Petrol,1300.0,Registered (Used),"2026 May 18, 6:18 pm",Kandy,Rs. 12750000,https://riyasewana.com/buy/toyota-chr-sale-kandy-11657916,SUV,4,Yes,Yes,Yes,Japan
Toyota,CHR,2018,"54,500 km",Automatic,Petrol,1500.0,Registered (Used),"2026 Jun 10, 1:56 pm",Kandy,Rs. 14500000,https://riyasewana.com/buy/toyota-chr-sale-kandy-11766807,SUV,4,Yes,Yes,Yes,Japan
Toyota,CHR,2018,"53,000 km",Automatic,Petrol,1500.0,Registered (Used),"2026 Jun 24, 5:10 pm",Kandy,Rs. 14350000,https://riyasewana.com/buy/toyota-chr-sale-kandy-11844088,SUV,4,Yes,Yes,Yes,Japan
Toyota,CHR,2017,"70,000 km",Automatic,Petrol,1000.0,Registered (Used),"2026 Jun 30, 12:58 am",Kandy,Rs. 12800000,https://riyasewana.com/buy/toyota-chr-sale-kandy-11870878,SUV,4,Yes,Yes,Yes,Japan
Toyota,CHR,2018,"55,000 km",Automatic,Petrol,1190.0,Registered (Used),"2026 Jul 16, 7:36 pm",Kandy,Rs. 13900000,https://riyasewana.com/buy/toyota-chr-sale-kandy-11969216,SUV,4,Yes,Yes,Yes,Japan
Toyota,CHR,2017,"98,000 km",Automatic,Petrol,1200.0,Registered (Used),"2026 Jul 26, 9:42 am",Kandy,Rs. 13775000,https://riyasewana.com/buy/toyota-chr-sale-kandy-12027773,SUV,4,Yes,Yes,Yes,Japan
Toyota,CHR,2023,"36,000 km",Automatic,Petrol,1200.0,Registered (Used),"2026 Aug 03, 10:34 pm",Kandy,Rs. 17000000,https://riyasewana.com/buy/toyota-chr-sale-kandy-12077873,SUV,4,Yes,Yes,Yes,Japan
Toyota,CHR,2017,"78,000 km",Automatic,Petrol,,Registered (Used),"2026 Aug 06, 10:03 am",Kandy,Rs. 12850000,https://riyasewana.com/buy/toyota-chr-sale-kandy-12090993,SUV,4,Yes,Yes,Yes,Japan
Toyota,CHR,2018,"80,000 km",Automatic,Petrol,1200.0,Registered (Used),"2026 Aug 08, 6:14 pm",Kandy,Rs. 13400000,https://riyasewana.com/buy/toyota-chr-sale-kandy-12106515,SUV,4,Yes,Yes,Yes,Japan
Toyota,Chr,2020,"75,000 km",Automatic,Petrol,1200.0,Registered (Used),"2026 Aug 09, 9:04 am",Kandy,Rs. 14500000,https://riyasewana.com/buy/toyota-chr-sale-kandy-12109003,SUV,4,Yes,Yes,Yes,Japan
Toyota,CHR,2020,"86,943 km",Automatic,Petrol,1200.0,Registered (Used),"2026 Jun 20, 6:57 pm",Kelaniya,Rs. 15700000,https://riyasewana.com/buy/toyota-chr-sale-kelaniya-11822825,SUV,4,Yes,Yes,Yes,Japan
Toyota,CHR,2018,"95,000 km",Automatic,Petrol,1200.0,Registered (Used),"2026 Jul 14, 9:00 pm",Kelaniya,Rs. 12450000,https://riyasewana.com/buy/toyota-chr-sale-kelaniya-11958115,SUV,4,Yes,Yes,Yes,Japan
Toyota,CHR,2018,"113,000 km",Automatic,Petrol,990.0,Registered (Used),"2026 Jul 29, 6:41 pm",Kelaniya,Rs. 14250000,https://riyasewana.com/buy/toyota-chr-sale-kelaniya-12047862,SUV,4,Yes,Yes,Yes,Japan
Toyota,CHR,2017,"150,000 km",Automatic,Petrol,,Registered (Used),"2026 Aug 08, 6:44 am",Kelaniya,Rs. 11500000,https://riyasewana.com/buy/toyota-chr-sale-kelaniya-12101195,SUV,4,Yes,Yes,Yes,Japan
Toyota,CHR,2018,"85,000 km",Automatic,Petrol,1200.0,Registered (Used),"2026 Jun 24, 6:44 pm",Kesbewa,Rs. 13600000,https://riyasewana.com/buy/toyota-chr-sale-kesbewa-11844449,SUV,4,Yes,Yes,Yes,Japan
Toyota,CHR,2018,"95,000 km",Automatic,Petrol,1200.0,Registered (Used),"2026 Aug 06, 12:06 pm",Kesbewa,Rs. 13000000,https://riyasewana.com/buy/toyota-chr-sale-kesbewa-12092002,SUV,4,Yes,Yes,Yes,Japan
Toyota,CHR,2018,"132,000 km",Automatic,Petrol,1190.0,Registered (Used),"2026 Jul 01, 2:20 pm",Kiribathgoda,Rs. 12790000,https://riyasewana.com/buy/toyota-chr-sale-kiribathgoda-11879105,SUV,4,Yes,Yes,Yes,Japan
Toyota,CHR,2017,"24,400 km",Automatic,Petrol,1200.0,Registered (Used),"2026 Jul 12, 10:21 pm",Kiribathgoda,Rs. 14000000,https://riyasewana.com/buy/toyota-chr-sale-kiribathgoda-11910400,SUV,4,Yes,Yes,Yes,Japan
Toyota,CHR,2018,"59,000 km",Automatic,Petrol,1200.0,Registered (Used),"2026 Aug 06, 11:28 am",Kiribathgoda,Rs. 13400000,https://riyasewana.com/buy/toyota-chr-sale-kiribathgoda-12091722,SUV,4,Yes,Yes,Yes,Japan
Toyota,CHR,2018,"186,000 km",Automatic,Petrol,1800.0,Registered (Used),"2026 Jul 17, 1:31 pm",Kottawa,Negotiable,https://riyasewana.com/buy/toyota-chr-sale-kottawa-11973226,SUV,4,Yes,Yes,Yes,Japan
Toyota,CHR,2018,"82,000 km",Automatic,Petrol,120.0,Registered (Used),"2026 Jul 28, 10:02 pm",Kottawa,Rs. 12750000,https://riyasewana.com/buy/toyota-chr-sale-kottawa-12043136,SUV,4,Yes,Yes,Yes,Japan
Toyota,CHR,2017,"129,000 km",Automatic,Petrol,1200.0,Registered (Used),"2026 May 27, 3:16 pm",Kuliyapitiya,Rs. 12300000,https://riyasewana.com/buy/toyota-chr-sale-kuliyapitiya-11702934,SUV,4,Yes,Yes,Yes,Japan
Toyota,CHR,2019,"79,000 km",Automatic,Petrol,1500.0,Registered (Used),"2026 Jun 10, 6:28 pm",Kuliyapitiya,Negotiable,https://riyasewana.com/buy/toyota-chr-sale-kuliyapitiya-11767969,SUV,4,Yes,Yes,Yes,Japan
Toyota,CHR,2018,"90,000 km",Automatic,Petrol,1200.0,Registered (Used),"2026 Jun 18, 6:05 pm",Kurunegala,Rs. 13500000,https://riyasewana.com/buy/toyota-chr-sale-kurunegala-11810962,SUV,4,Yes,Yes,Yes,Japan
Toyota,CHR,2019,"45,000 km",Automatic,Petrol,1200.0,Registered (Used),"2026 Jul 06, 9:26 am",Kurunegala,Rs. 15000000,https://riyasewana.com/buy/toyota-chr-sale-kurunegala-11906560,SUV,4,Yes,Yes,Yes,Japan
Toyota,CHR,2017,"100,880 km",Automatic,Petrol,1200.0,Registered (Used),"2026 Jul 13, 8:59 am",Kurunegala,Negotiable,https://riyasewana.com/buy/toyota-chr-sale-kurunegala-11947917,SUV,4,Yes,Yes,Yes,Japan
Toyota,CHR,2017,"134,000 km",Automatic,Petrol,1200.0,Registered (Used),"2026 Aug 06, 12:37 pm",Kurunegala,Rs. 12025000,https://riyasewana.com/buy/toyota-chr-sale-kurunegala-12092207,SUV,4,Yes,Yes,Yes,Japan
Toyota,CHR,2020,"115,000 km",Automatic,Petrol,1200.0,Registered (Used),"2026 Aug 09, 8:36 am",Kurunegala,Negotiable,https://riyasewana.com/buy/toyota-chr-sale-kurunegala-12108688,SUV,4,Yes,Yes,Yes,Japan
Toyota,CHR,2020,"115,000 km",Automatic,Petrol,1200.0,Registered (Used),"2026 Aug 10, 9:27 am",Kurunegala,Negotiable,https://riyasewana.com/buy/toyota-chr-sale-kurunegala-12114989,SUV,4,Yes,Yes,Yes,Japan
Toyota,CHR,2018,"53,000 km",Automatic,Petrol,1150.0,Unregistered (Recondition),"2026 Aug 10, 2:06 pm",Kurunegala,Negotiable,https://riyasewana.com/buy/toyota-chr-sale-kurunegala-12116893,SUV,4,Yes,Yes,Yes,Japan
Toyota,CHR,2018,"85,000 km",Automatic,Petrol,12000.0,Registered (Used),"2026 May 17, 9:33 am",Maharagama,Negotiable,https://riyasewana.com/buy/toyota-chr-sale-maharagama-11649997,SUV,4,Yes,Yes,Yes,Japan
Toyota,CHR,2018,"113,800 km",Automatic,Petrol,,Registered (Used),"2026 Aug 07, 9:47 pm",Maharagama,Rs. 12750000,https://riyasewana.com/buy/toyota-chr-sale-maharagama-12100625,SUV,4,Yes,Yes,Yes,Japan
Toyota,CHR,2018,"90,000 km",Automatic,Petrol,1500.0,Registered (Used),"2026 Jul 02, 2:15 pm",Malabe,Rs. 12900000,https://riyasewana.com/buy/toyota-chr-sale-malabe-11884550,SUV,4,Yes,Yes,Yes,Japan
Toyota,CHR,2017,"98,000 km",Automatic,Petrol,1300.0,Registered (Used),"2026 Jul 14, 2:00 pm",Malabe,Rs. 12800000,https://riyasewana.com/buy/toyota-chr-sale-malabe-11956227,SUV,4,Yes,Yes,Yes,Japan
Toyota,CHR,2018,"92,000 km",Automatic,Petrol,1.0,Registered (Used),"2026 Jun 27, 4:07 pm",Matara,Rs. 14300000,https://riyasewana.com/buy/toyota-chr-sale-matara-11860838,SUV,4,Yes,Yes,Yes,Japan
Toyota,CHR,2018,"74,100 km",Automatic,Petrol,1500.0,Registered (Used),"2026 Jul 14, 5:50 pm",Matara,Rs. 12800000,https://riyasewana.com/buy/toyota-chr-sale-matara-11957298,SUV,4,Yes,Yes,Yes,Japan
Toyota,CHR,2019,"82,000 km",Automatic,Petrol,1200.0,Registered (Used),"2026 Jul 18, 10:01 am",Matara,Negotiable,https://riyasewana.com/buy/toyota-chr-sale-matara-11978862,SUV,4,Yes,Yes,Yes,Japan
Toyota,CHR,2023,"13,000 km",Automatic,Petrol,1500.0,Registered (Used),"2026 Jul 22, 12:24 am",Matara,Negotiable,https://riyasewana.com/buy/toyota-chr-sale-matara-12000928,SUV,4,Yes,Yes,Yes,Japan
Toyota,CHR,2018,"72,000 km",Automatic,Petrol,,Registered (Used),"2026 Aug 02, 6:17 pm",Matara,Rs. 14500000,https://riyasewana.com/buy/toyota-chr-sale-matara-12071819,SUV,4,Yes,Yes,Yes,Japan
Toyota,CHR,2019,"80,000 km",Automatic,Petrol,1200.0,Registered (Used),"2026 Aug 05, 9:52 am",Matara,Negotiable,https://riyasewana.com/buy/toyota-chr-sale-matara-12085139,SUV,4,Yes,Yes,Yes,Japan
Toyota,CHR,2023,"14,000 km",Automatic,Petrol,1196.0,Registered (Used),"2026 Aug 07, 2:27 pm",Matara,Negotiable,https://riyasewana.com/buy/toyota-chr-sale-matara-12098281,SUV,4,Yes,Yes,Yes,Japan
Toyota,CHR,2018,"120,000 km",Automatic,Petrol,1200.0,Registered (Used),"2026 Jun 19, 11:12 pm",Moratuwa,Rs. 13500000,https://riyasewana.com/buy/toyota-chr-sale-moratuwa-11817469,SUV,4,Yes,Yes,Yes,Japan
Toyota,CHR,2019,"60,000 km",Automatic,Petrol,1200.0,Registered (Used),"2026 Aug 08, 6:56 pm",Moratuwa,Rs. 14300000,https://riyasewana.com/buy/toyota-chr-sale-moratuwa-12076100,SUV,4,Yes,Yes,Yes,Japan
Toyota,CHR,2017,"116,000 km",Automatic,Petrol,1190.0,Registered (Used),"2026 Jun 08, 10:09 pm",Negombo,Rs. 1260000,https://riyasewana.com/buy/toyota-chr-sale-negombo-11758634,SUV,4,Yes,Yes,Yes,Japan
Toyota,CHR,2020,"67,200 km",Automatic,Petrol,1200.0,Registered (Used),"2026 Jun 27, 10:49 pm",Negombo,Rs. 14250000,https://riyasewana.com/buy/toyota-chr-sale-negombo-11862291,SUV,4,Yes,Yes,Yes,Japan
Toyota,CHR,2023,"12,900 km",Automatic,Petrol,1200.0,Registered (Used),"2026 Jul 28, 10:11 am",Negombo,Rs. 16800000,https://riyasewana.com/buy/toyota-chr-sale-negombo-12039363,SUV,4,Yes,Yes,Yes,Japan
Toyota,CHR,2020,"31,000 km",Automatic,Petrol,1200.0,Registered (Used),"2026 Aug 08, 1:08 pm",Negombo,Negotiable,https://riyasewana.com/buy/toyota-chr-sale-negombo-12104883,SUV,4,Yes,Yes,Yes,Japan
Toyota,CHR,2018,"58,000 km",Automatic,Petrol,1200.0,Registered (Used),"2026 Jun 01, 9:20 am",Nittambuwa,Negotiable,https://riyasewana.com/buy/toyota-chr-sale-nittambuwa-11720115,SUV,4,Yes,Yes,Yes,Japan
Toyota,CHR,2019,"38,241 km",Automatic,Petrol,1200.0,Registered (Used),"2026 Aug 09, 12:29 pm",Nittambuwa,Rs. 15000000,https://riyasewana.com/buy/toyota-chr-sale-nittambuwa-12111034,SUV,4,Yes,Yes,Yes,Japan
Toyota,CHR,2019,"38,241 km",Automatic,Petrol,1200.0,Registered (Used),"2026 Aug 10, 2:50 pm",Nittambuwa,Rs. 15000000,https://riyasewana.com/buy/toyota-chr-sale-nittambuwa-12117098,SUV,4,Yes,Yes,Yes,Japan
Toyota,CHR,2019,"38,241 km",Automatic,Petrol,1200.0,Registered (Used),"2026 Aug 10, 2:53 pm",Nittambuwa,Rs. 15000000,https://riyasewana.com/buy/toyota-chr-sale-nittambuwa-12117110,SUV,4,Yes,Yes,Yes,Japan
Toyota,CHR,2020,"84,000 km",Automatic,Petrol,1200.0,Registered (Used),"2026 Jul 06, 10:52 am",Nugegoda,Rs. 15200000,https://riyasewana.com/buy/toyota-chr-sale-nugegoda-11907324,SUV,4,Yes,Yes,Yes,Japan
Toyota,CHR,2017,"113,000 km",Automatic,Petrol,1200.0,Registered (Used),"2026 Jul 17, 1:55 pm",Nugegoda,Rs. 13500000,https://riyasewana.com/buy/toyota-chr-sale-nugegoda-11973375,SUV,4,Yes,Yes,Yes,Japan
Toyota,CHR,2018,"75,000 km",Automatic,Petrol,1200.0,Registered (Used),"2026 Jul 18, 3:27 pm",Nugegoda,Rs. 13700000,https://riyasewana.com/buy/toyota-chr-sale-nugegoda-11981429,SUV,4,Yes,Yes,Yes,Japan
Toyota,CHR,2019,"61,000 km",Automatic,Petrol,1200.0,Registered (Used),"2026 Jul 28, 3:23 pm",Nugegoda,Rs. 15375000,https://riyasewana.com/buy/toyota-chr-sale-nugegoda-12041371,SUV,4,Yes,Yes,Yes,Japan
Toyota,CHR,2017,"113,000 km",Automatic,Petrol,1200.0,Registered (Used),"2026 Jul 30, 12:05 pm",Nugegoda,Rs. 13400000,https://riyasewana.com/buy/toyota-chr-sale-nugegoda-12051241,SUV,4,Yes,Yes,Yes,Japan
Toyota,CHR,2018,"103,000 km",Automatic,Petrol,1200.0,Registered (Used),"2026 Aug 03, 3:59 pm",Nugegoda,Rs. 12100000,https://riyasewana.com/buy/toyota-chr-sale-nugegoda-12076499,SUV,4,Yes,Yes,Yes,Japan
Toyota,CHR,2018,"75,000 km",Automatic,Petrol,1200.0,Registered (Used),"2026 Aug 07, 1:45 pm",Nugegoda,Rs. 13800000,https://riyasewana.com/buy/toyota-chr-sale-nugegoda-12098041,SUV,4,Yes,Yes,Yes,Japan
Toyota,CHR,2018,"90,100 km",Automatic,Petrol,1200.0,Registered (Used),"2026 Aug 10, 10:57 am",Panadura,Rs. 12475000,https://riyasewana.com/buy/toyota-chr-sale-panadura-12115714,SUV,4,Yes,Yes,Yes,Japan
Toyota,CHR,2018,"114,000 km",Automatic,Petrol,1240.0,Registered (Used),"2026 Aug 07, 10:51 am",Pannipitiya,Negotiable,https://riyasewana.com/buy/toyota-chr-sale-pannipitiya-12096935,SUV,4,Yes,Yes,Yes,Japan
Toyota,CHR,2019,"58,000 km",Automatic,Petrol,1200.0,Registered (Used),"2026 Jul 26, 12:11 pm",Piliyandala,Rs. 14350000,https://riyasewana.com/buy/toyota-chr-sale-piliyandala-12029120,SUV,4,Yes,Yes,Yes,Japan
Toyota,CHR,2017,"73,000 km",Automatic,Petrol,1200.0,Registered (Used),"2026 May 27, 12:34 pm",Ruwanwella,Rs. 13000000,https://riyasewana.com/buy/toyota-chr-sale-ruwanwella-11702248,SUV,4,Yes,Yes,Yes,Japan
Toyota,CHR,2018,"102,760 km",Automatic,Petrol,1190.0,Registered (Used),"2026 Aug 09, 12:15 pm",Trincomalee,Rs. 14200000,https://riyasewana.com/buy/toyota-chr-sale-trincomalee-12110946,SUV,4,Yes,Yes,Yes,Japan
Toyota,CHR,2018,"142,000 km",Automatic,Petrol,1200.0,Registered (Used),"2026 Jun 04, 2:19 pm",Weligama,Rs. 12850000,https://riyasewana.com/buy/toyota-chr-sale-weligama-11736082,SUV,4,Yes,Yes,Yes,Japan
Toyota,CHR,2018,"70,500 km",Automatic,Petrol,1200.0,Registered (Used),"2026 Jun 25, 10:26 am",Weligama,Rs. 14700000,https://riyasewana.com/buy/toyota-chr-sale-weligama-11847248,SUV,4,Yes,Yes,Yes,Japan
Toyota,CHR TURBO,2018,"46,000 km",Automatic,Petrol,1200.0,Registered (Used),"2026 Jun 10, 2:00 pm",Mawanella,Rs. 14250000,https://riyasewana.com/buy/toyota-chr-turbo-sale-mawanella-11766830,SUV,4,Yes,Yes,Yes,Japan
Toyota,CHR Turbo,2017,"106,000 km",Automatic,Petrol,1190.0,Registered (Used),"2026 Jul 16, 10:07 am",Panadura,Rs. 12500000,https://riyasewana.com/buy/toyota-chr-turbo-sale-panadura-11966080,SUV,4,Yes,Yes,Yes,Japan
Toyota,CHR NGX10,2019,"38,240 km",Automatic,Petrol,1200.0,Registered (Used),"2026 Aug 10, 2:49 pm",Nittambuwa,Rs. 15000000,https://riyasewana.com/buy/toyota-ngx10-chr-sale-nittambuwa-12117093,SUV,4,Yes,Yes,Yes,Japan
