Brand,Model,YOM,Mileage,Gear,Fuel Type,Engine (cc),Condition,Ad Date,Location,Price,URL,Body Type,Number of Cylinders,Power Steering,Power Shutters,Power Mirrors,Manufacturing Country
Honda,Fit Aria gd8 city,2003,"274,000 km",Automatic,Petrol,1497.0,Registered (Used),"2026 Aug 10, 9:13 am",Kegalle,Rs. 4200000,https://riyasewana.com/buy/honda-city-fit-sale-kegalle-12114888,Sedan,4,Yes,Yes,Yes,Japan
Honda,Fit Aria,2007,"158,000 km",Automatic,Petrol,1500.0,Registered (Used),"2026 Aug 07, 10:22 pm",Anuradapura,Rs. 5275000,https://riyasewana.com/buy/honda-fit-aria-sale-anuradapura-12100722,Sedan,4,Yes,Yes,Yes,Japan
Honda,Fit Aria GD8,2009,"290,712 km",Automatic,Petrol,1500.0,Registered (Used),"2026 Aug 01, 8:21 am",Badulla,Rs. 5000000,https://riyasewana.com/buy/honda-fit-aria-sale-badulla-12061187,Sedan,4,Yes,Yes,Yes,Japan
Honda,Fit Aria,2004,"250,000 km",Automatic,Petrol,1500.0,Registered (Used),"2026 Aug 09, 8:48 am",Colombo,Rs. 5250000,https://riyasewana.com/buy/honda-fit-aria-sale-colombo-12108823,Sedan,4,Yes,Yes,Yes,Japan
Honda,Fit Aria,2008,"173,000 km",Automatic,Petrol,1500.0,Registered (Used),"2026 Jul 31, 7:36 pm",Dehiwala-Mount-Lavinia,Rs. 4990000,https://riyasewana.com/buy/honda-fit-aria-sale-dehiwala-mount-lavinia-12059163,Sedan,4,Yes,Yes,Yes,Japan
Honda,Fit Aria,2008,"173,000 km",Automatic,Petrol,1500.0,Registered (Used),"2026 Aug 02, 8:31 am",Dehiwala-Mount-Lavinia,Rs. 4990000,https://riyasewana.com/buy/honda-fit-aria-sale-dehiwala-mount-lavinia-12067909,Sedan,4,Yes,Yes,Yes,Japan
Honda,Fit Aria GD8,2008,"173,000 km",Automatic,Petrol,1500.0,Registered (Used),"2026 Aug 10, 1:50 pm",Dehiwala-Mount-Lavinia,Rs. 4970000,https://riyasewana.com/buy/honda-fit-aria-sale-dehiwala-mount-lavinia-12116811,Sedan,4,Yes,Yes,Yes,Japan
Honda,Fit Aria,2007,"177,000 km",Automatic,Petrol,1500.0,Registered (Used),"2026 Jul 30, 12:28 pm",Embilipitiya,Rs. 5050000,https://riyasewana.com/buy/honda-fit-aria-sale-embilipitiya-12051394,Sedan,4,Yes,Yes,Yes,Japan
Honda,Fit Aria,2007,"177,000 km",Automatic,Petrol,1500.0,Registered (Used),"2026 Jul 30, 1:22 pm",Embilipitiya,Rs. 5050000,https://riyasewana.com/buy/honda-fit-aria-sale-embilipitiya-12051731,Sedan,4,Yes,Yes,Yes,Japan
Honda,Fit Aria,2004,"200,000 km",Automatic,Petrol,1500.0,Registered (Used),"2026 Jul 31, 9:56 am",Hikkaduwa,Rs. 4800000,https://riyasewana.com/buy/honda-fit-aria-sale-hikkaduwa-12055737,Sedan,4,Yes,Yes,Yes,Japan
Honda,FIT ARIA,2006,"185,200 km",Automatic,Petrol,1490.0,Registered (Used),"2026 Aug 07, 4:33 pm",Homagama,Rs. 5365000,https://riyasewana.com/buy/honda-fit-aria-sale-homagama-12098967,Sedan,4,Yes,Yes,Yes,Japan
Honda,FIT ARIA,2007,"182,500 km",Automatic,Petrol,1490.0,Registered (Used),"2026 Aug 10, 4:17 pm",Homagama,Rs. 5385000,https://riyasewana.com/buy/honda-fit-aria-sale-homagama-12117506,Sedan,4,Yes,Yes,Yes,Japan
Honda,Fit Aria Gd8 City,2003,"176,000 km",Automatic,Petrol,15600.0,Registered (Used),"2026 Aug 08, 3:44 pm",Kaduwela,Negotiable,https://riyasewana.com/buy/honda-fit-aria-sale-kaduwela-12105782,Sedan,4,Yes,Yes,Yes,Japan
Honda,Fit Aria,2008,"150,000 km",Automatic,Petrol,1500.0,Registered (Used),"2026 Aug 05, 10:39 pm",Kandy,Rs. 4985000,https://riyasewana.com/buy/honda-fit-aria-sale-kandy-12089130,Sedan,4,Yes,Yes,Yes,Japan
Honda,Fit Aria,2006,"155,000 km",Automatic,Petrol,1500.0,Registered (Used),"2026 Aug 07, 10:48 pm",Maharagama,Rs. 5050000,https://riyasewana.com/buy/honda-fit-aria-sale-maharagama-12100771,Sedan,4,Yes,Yes,Yes,Japan
Honda,Fit Aria,2008,"210,399 km",Automatic,Petrol,1500.0,Registered (Used),"2026 Aug 03, 3:33 pm",Matara,Negotiable,https://riyasewana.com/buy/honda-fit-aria-sale-matara-12076404,Sedan,4,Yes,Yes,Yes,Japan
Honda,Fit ARIA,2005,"185,000 km",Automatic,Petrol,1500.0,Registered (Used),"2026 Aug 07, 6:15 pm",Veyangoda,Rs. 4250000,https://riyasewana.com/buy/honda-fit-aria-sale-veyangoda-12099510,Sedan,4,Yes,Yes,Yes,Japan
Honda,Fit GD1,2003,"166,000 km",Automatic,Petrol,1300.0,Registered (Used),"2026 Aug 01, 10:17 am",Horana,Rs. 4750000,https://riyasewana.com/buy/honda-fit-gd1-sale-horana-12062567,Hatchback,4,Yes,Yes,Yes,Japan
Honda,Fit GD1,2007,"127,862 km",Automatic,Petrol,1330.0,Registered (Used),"2026 Aug 04, 7:28 pm",Kandana,Rs. 5300000,https://riyasewana.com/buy/honda-fit-gd1-sale-kandana-12082792,Hatchback,4,Yes,Yes,Yes,Japan
Honda,Fit GD1,2007,"165,000 km",Automatic,Petrol,1330.0,Registered (Used),"2026 Aug 09, 7:41 am",Malabe,Rs. 4950000,https://riyasewana.com/buy/honda-fit-gd1-sale-malabe-12108217,Hatchback,4,Yes,Yes,Yes,Japan
Honda,Fit Gd1,2007,"123,000 km",Automatic,Petrol,1300.0,Registered (Used),"2026 Aug 10, 7:17 am",Piliyandala,Rs. 5445000,https://riyasewana.com/buy/honda-fit-gd1-sale-piliyandala-12114062,Hatchback,4,Yes,Yes,Yes,Japan
Honda,Fit Gd1,2005,"131,000 km",Automatic,Petrol,1300.0,Registered (Used),"2026 Aug 10, 7:23 am",Piliyandala,Rs. 4875000,https://riyasewana.com/buy/honda-fit-gd1-sale-piliyandala-12114112,Hatchback,4,Yes,Yes,Yes,Japan
Honda,Fit GE6,2008,"130,000 km",Automatic,Petrol,1330.0,Registered (Used),"2026 Jul 27, 10:28 pm",Anuradapura,Rs. 5850000,https://riyasewana.com/buy/honda-fit-ge6-sale-anuradapura-12037439,Hatchback,4,Yes,Yes,Yes,Japan
Honda,Fit Ge6,2010,"205,896 km",Automatic,Petrol,1330.0,Registered (Used),"2026 Aug 10, 8:20 am",Anuradapura,Rs. 5375000,https://riyasewana.com/buy/honda-fit-ge6-sale-anuradapura-12114484,Hatchback,4,Yes,Yes,Yes,Japan
Honda,Fit GE6,2008,"203,000 km",Automatic,Petrol,1330.0,Registered (Used),"2026 Aug 08, 8:33 am",Maharagama,Rs. 5925000,https://riyasewana.com/buy/honda-fit-ge6-sale-maharagama-12102177,Hatchback,4,Yes,Yes,Yes,Japan
Honda,Fit Gp1,2016,"150,000 km",Automatic,Petrol,,Registered (Used),"2026 Aug 06, 10:14 am",Anuradapura,Rs. 7100000,https://riyasewana.com/buy/honda-fit-gp1-sale-anuradapura-12091120,Hatchback,4,Yes,Yes,Yes,Japan
Honda,Fit Gp1,2012,"170,600 km",Automatic,Hybrid,1339.0,Registered (Used),"2026 Aug 10, 11:04 am",Avissawella,Rs. 6300000,https://riyasewana.com/buy/honda-fit-gp1-sale-avissawella-12115766,Hatchback,4,Yes,Yes,Yes,Japan
Honda,Fit GP1,2011,"136,000 km",Automatic,Hybrid,1330.0,Registered (Used),"2026 Jul 31, 12:50 pm",Beruwala,Rs. 6490000,https://riyasewana.com/buy/honda-fit-gp1-sale-beruwala-12056980,Hatchback,4,Yes,Yes,Yes,Japan
Honda,FIT GP1,2012,"120,000 km",Automatic,Hybrid,1330.0,Registered (Used),"2026 Aug 08, 11:00 am",Boralesgamuwa,Rs. 6975000,https://riyasewana.com/buy/honda-fit-gp1-sale-boralesgamuwa-12103902,Hatchback,4,Yes,Yes,Yes,Japan
Honda,Fit GP1,2011,"150,000 km",Automatic,Petrol,1350.0,Registered (Used),"2026 Aug 09, 9:47 pm",Chilaw,Rs. 6750000,https://riyasewana.com/buy/honda-fit-gp1-sale-chilaw-12113498,Hatchback,4,Yes,Yes,Yes,Japan
Honda,FIT GP1,2011,"154,000 km",Automatic,Hybrid,1300.0,Registered (Used),"2026 Jul 28, 8:46 am",Colombo,Rs. 6475000,https://riyasewana.com/buy/honda-fit-gp1-sale-colombo-12038684,Hatchback,4,Yes,Yes,Yes,Japan
Honda,FIT GP1,2011,"148,000 km",Automatic,Hybrid,1300.0,Registered (Used),"2026 Jul 28, 10:17 pm",Colombo,Rs. 6390000,https://riyasewana.com/buy/honda-fit-gp1-sale-colombo-12043182,Hatchback,4,Yes,Yes,Yes,Japan
Honda,Fit GP1,2013,"124,000 km",Automatic,Hybrid,1330.0,Registered (Used),"2026 Aug 05, 1:16 pm",Colombo,Rs. 6550000,https://riyasewana.com/buy/honda-fit-gp1-sale-colombo-12086680,Hatchback,4,Yes,Yes,Yes,Japan
Honda,FIT GP1,2012,"169,000 km",Automatic,Petrol,1300.0,Registered (Used),"2026 Aug 08, 9:45 am",Colombo,Negotiable,https://riyasewana.com/buy/honda-fit-gp1-sale-colombo-12103085,Hatchback,4,Yes,Yes,Yes,Japan
Honda,FIT GP1,2014,"171,900 km",Automatic,Hybrid,1330.0,Registered (Used),"2026 Aug 08, 10:36 am",Colombo,Negotiable,https://riyasewana.com/buy/honda-fit-gp1-sale-colombo-12103653,Hatchback,4,Yes,Yes,Yes,Japan
Honda,Fit GP1,2012,"169,000 km",Automatic,Petrol,1300.0,Registered (Used),"2026 Aug 08, 12:23 pm",Colombo,Rs. 6500000,https://riyasewana.com/buy/honda-fit-gp1-sale-colombo-12104552,Hatchback,4,Yes,Yes,Yes,Japan
Honda,Fit GP1,2013,"124,000 km",Automatic,Hybrid,1330.0,Registered (Used),"2026 Aug 09, 11:22 am",Colombo,Rs. 6650000,https://riyasewana.com/buy/honda-fit-gp1-sale-colombo-12110503,Hatchback,4,Yes,Yes,Yes,Japan
Honda,FIT GP1,2011,"195,000 km",Automatic,Petrol,1330.0,Registered (Used),"2026 Aug 09, 11:31 pm",Colombo,Rs. 6500000,https://riyasewana.com/buy/honda-fit-gp1-sale-colombo-12113710,Hatchback,4,Yes,Yes,Yes,Japan
Honda,FIT GP1,2010,"147,260 km",Automatic,Petrol,1330.0,Registered (Used),"2026 Aug 09, 2:52 pm",Dankotuwa,Rs. 6000000,https://riyasewana.com/buy/honda-fit-gp1-sale-dankotuwa-12111809,Hatchback,4,Yes,Yes,Yes,Japan
Honda,Fit Gp1,2012,"190,000 km",Automatic,Hybrid,1330.0,Registered (Used),"2026 Aug 08, 11:02 am",Dehiwala-Mount-Lavinia,Rs. 6475000,https://riyasewana.com/buy/honda-fit-gp1-sale-dehiwala-mount-lavinia-12103928,Hatchback,4,Yes,Yes,Yes,Japan
Honda,Fit GP1,2012,"215,000 km",Automatic,Hybrid,1500.0,Registered (Used),"2026 Aug 09, 7:59 am",Divulapitiya,Rs. 6600000,https://riyasewana.com/buy/honda-fit-gp1-sale-divulapitiya-12108364,Hatchback,4,Yes,Yes,Yes,Japan
Honda,FIT GP1,2014,"135,000 km",Automatic,Hybrid,130.0,Registered (Used),"2026 Aug 05, 4:19 pm",Embilipitiya,Rs. 6850000,https://riyasewana.com/buy/honda-fit-gp1-sale-embilipitiya-12087529,Hatchback,4,Yes,Yes,Yes,Japan
Honda,Fit GP1,2011,"70,000 km",Automatic,Hybrid,1000.0,Registered (Used),"2026 Jul 27, 5:06 pm",Galle,Rs. 6800000,https://riyasewana.com/buy/honda-fit-gp1-sale-galle-12036179,Hatchback,4,Yes,Yes,Yes,Japan
Honda,Fit GP1,2010,"189,000 km",Automatic,Petrol,1330.0,Registered (Used),"2026 Aug 08, 9:56 am",Galle,Rs. 6350000,https://riyasewana.com/buy/honda-fit-gp1-sale-galle-12103209,Hatchback,4,Yes,Yes,Yes,Japan
Honda,Fit GP1,2011,"183,000 km",Automatic,Hybrid,1330.0,Registered (Used),"2026 Aug 09, 12:37 pm",Gampaha,Rs. 6175000,https://riyasewana.com/buy/honda-fit-gp1-sale-gampaha-12111088,Hatchback,4,Yes,Yes,Yes,Japan
Honda,Fit GP1,2012,"175,000 km",Automatic,Hybrid,1300.0,Registered (Used),"2026 Aug 09, 1:46 pm",Gampaha,Rs. 6975000,https://riyasewana.com/buy/honda-fit-gp1-sale-gampaha-12111468,Hatchback,4,Yes,Yes,Yes,Japan
Honda,Fit GP1,2012,"147,000 km",Automatic,Hybrid,1330.0,Registered (Used),"2026 Aug 02, 11:15 pm",Ja-Ela,Rs. 6590000,https://riyasewana.com/buy/honda-fit-gp1-sale-ja-ela-12072806,Hatchback,4,Yes,Yes,Yes,Japan
Honda,Fit GP1,2014,"100,000 km",Automatic,Petrol,1330.0,Registered (Used),"2026 Aug 06, 9:57 am",Kadawatha,Negotiable,https://riyasewana.com/buy/honda-fit-gp1-sale-kadawatha-12090902,Hatchback,4,Yes,Yes,Yes,Japan
Honda,Fit GP1,2014,"185,000 km",Automatic,Petrol,1330.0,Registered (Used),"2026 Aug 10, 7:37 pm",Kadawatha,Negotiable,https://riyasewana.com/buy/honda-fit-gp1-sale-kadawatha-12118299,Hatchback,4,Yes,Yes,Yes,Japan
Honda,Fit GP1,2011,"121,000 km",Automatic,Hybrid,1330.0,Registered (Used),"2026 Aug 09, 9:11 am",Kaduwela,Rs. 6590000,https://riyasewana.com/buy/honda-fit-gp1-sale-kaduwela-12109071,Hatchback,4,Yes,Yes,Yes,Japan
Honda,Fit GP1,2014,"126,000 km",Automatic,Petrol,1400.0,Registered (Used),"2026 Aug 04, 10:05 pm",Kalutara,Negotiable,https://riyasewana.com/buy/honda-fit-gp1-sale-kalutara-12083420,Hatchback,4,Yes,Yes,Yes,Japan
Honda,Fit Gp1,2011,"145,000 km",Automatic,Hybrid,1300.0,Registered (Used),"2026 Aug 04, 11:45 am",Kandy,Negotiable,https://riyasewana.com/buy/honda-fit-gp1-sale-kandy-12080416,Hatchback,4,Yes,Yes,Yes,Japan
Honda,Fit Gp1,2012,"125,000 km",Automatic,Petrol,1300.0,Registered (Used),"2026 Aug 07, 11:02 am",Kandy,Rs. 6550000,https://riyasewana.com/buy/honda-fit-gp1-sale-kandy-12097022,Hatchback,4,Yes,Yes,Yes,Japan
Honda,Fit Gp1 Navi Premium,2012,"200,000 km",Automatic,Hybrid,1330.0,Registered (Used),"2026 Aug 08, 8:14 am",Kandy,Rs. 6550000,https://riyasewana.com/buy/honda-fit-gp1-sale-kandy-12101948,Hatchback,4,Yes,Yes,Yes,Japan
Honda,Fit GP1,2012,"175,000 km",Automatic,Hybrid,1300.0,Registered (Used),"2026 Aug 09, 1:39 pm",Kandy,Rs. 6975000,https://riyasewana.com/buy/honda-fit-gp1-sale-kandy-12111433,Hatchback,4,Yes,Yes,Yes,Japan
Honda,Fit GP1,2013,"174,000 km",Automatic,Petrol,1390.0,Registered (Used),"2026 Aug 10, 7:11 pm",Katunayake,Rs. 6275000,https://riyasewana.com/buy/honda-fit-gp1-sale-katunayake-12118178,Hatchback,4,Yes,Yes,Yes,Japan
Honda,FIT GP1,2012,"159,000 km",Automatic,Petrol,1330.0,Registered (Used),"2026 Aug 09, 10:54 am",Kesbewa,Rs. 6090000,https://riyasewana.com/buy/honda-fit-gp1-sale-kesbewa-12110183,Hatchback,4,Yes,Yes,Yes,Japan
Honda,FIT GP1,2013,"167,000 km",Automatic,Hybrid,1500.0,Registered (Used),"2026 Aug 10, 9:03 am",Kiribathgoda,Rs. 6375000,https://riyasewana.com/buy/honda-fit-gp1-sale-kiribathgoda-12114812,Hatchback,4,Yes,Yes,Yes,Japan
Honda,Fit GP1,2013,"134,500 km",Automatic,Hybrid,1330.0,Registered (Used),"2026 Aug 06, 11:57 am",Kottawa,Negotiable,https://riyasewana.com/buy/honda-fit-gp1-sale-kottawa-12091942,Hatchback,4,Yes,Yes,Yes,Japan
Honda,Fit Gp1 10th Anniversary,2012,"264,000 km",Automatic,Petrol,1300.0,Registered (Used),"2026 Aug 09, 8:00 am",Kottawa,Rs. 6790000,https://riyasewana.com/buy/honda-fit-gp1-sale-kottawa-12108377,Hatchback,4,Yes,Yes,Yes,Japan
Honda,FIT GP1,2013,"190,000 km",Automatic,Petrol,1300.0,Registered (Used),"2026 Aug 06, 10:36 pm",Kurunegala,Rs. 6800000,https://riyasewana.com/buy/honda-fit-gp1-sale-kurunegala-12094798,Hatchback,4,Yes,Yes,Yes,Japan
Honda,Fit GP1,2012,"141,000 km",Automatic,Hybrid,1300.0,Registered (Used),"2026 Aug 06, 9:36 am",Maharagama,Rs. 7075000,https://riyasewana.com/buy/honda-fit-gp1-sale-maharagama-12090691,Hatchback,4,Yes,Yes,Yes,Japan
Honda,FIT GP1,2010,"171,500 km",Automatic,Hybrid,1350.0,Registered (Used),"2026 Aug 01, 4:46 pm",Malabe,Rs. 6350000,https://riyasewana.com/buy/honda-fit-gp1-sale-malabe-12065380,Hatchback,4,Yes,Yes,Yes,Japan
Honda,Fit GP1,2012,"171,000 km",Automatic,Hybrid,1200.0,Registered (Used),"2026 Aug 03, 7:27 am",Malabe,Rs. 6475000,https://riyasewana.com/buy/honda-fit-gp1-sale-malabe-12073214,Hatchback,4,Yes,Yes,Yes,Japan
Honda,FIT GP1,2012,"99,000 km",Automatic,Hybrid,1500.0,Registered (Used),"2026 Aug 08, 12:41 pm",Matara,Negotiable,https://riyasewana.com/buy/honda-fit-gp1-sale-matara-12104680,Hatchback,4,Yes,Yes,Yes,Japan
Honda,Fit GP1 Navi,2013,"113,186 km",Automatic,Hybrid,1330.0,Registered (Used),"2026 Aug 06, 2:17 pm",Matugama,Rs. 6950000,https://riyasewana.com/buy/honda-fit-gp1-sale-matugama-12092731,Hatchback,4,Yes,Yes,Yes,Japan
Honda,Fit GP1,2011,"179,000 km",Automatic,Hybrid,1300.0,Registered (Used),"2026 Aug 08, 6:46 pm",Mawanella,Rs. 6450000,https://riyasewana.com/buy/honda-fit-gp1-sale-mawanella-12106642,Hatchback,4,Yes,Yes,Yes,Japan
Honda,Fit GP1,2012,"135,000 km",Automatic,Hybrid,1500.0,Registered (Used),"2026 Aug 02, 3:41 pm",Moratuwa,Rs. 6650000,https://riyasewana.com/buy/honda-fit-gp1-sale-moratuwa-12071187,Hatchback,4,Yes,Yes,Yes,Japan
Honda,Fit GP1,2012,"137,000 km",Automatic,Hybrid,,Registered (Used),"2026 Aug 09, 11:07 am",Moratuwa,Rs. 6500000,https://riyasewana.com/buy/honda-fit-gp1-sale-moratuwa-12110329,Hatchback,4,Yes,Yes,Yes,Japan
Honda,Fit GP1,2011,"160,000 km",Automatic,Petrol,1300.0,Registered (Used),"2026 Aug 10, 7:08 pm",Moratuwa,Rs. 6275000,https://riyasewana.com/buy/honda-fit-gp1-sale-moratuwa-12118162,Hatchback,4,Yes,Yes,Yes,Japan
Honda,FIT GP1,2010,150 km,Automatic,Hybrid,1330.0,Registered (Used),"2026 Aug 10, 10:58 am",Negombo,Rs. 6350000,https://riyasewana.com/buy/honda-fit-gp1-sale-negombo-12115728,Hatchback,4,Yes,Yes,Yes,Japan
Honda,Fit GP1 10th Anniversary,2012,"94,500 km",Automatic,Hybrid,1330.0,Registered (Used),"2026 Aug 01, 12:42 pm",Nugegoda,Rs. 6850000,https://riyasewana.com/buy/honda-fit-gp1-sale-nugegoda-12064020,Hatchback,4,Yes,Yes,Yes,Japan
Honda,Fit Gp1 10th Anniversary,2011,"146,500 km",Automatic,Hybrid,1330.0,Registered (Used),"2026 Aug 01, 8:02 pm",Nugegoda,Negotiable,https://riyasewana.com/buy/honda-fit-gp1-sale-nugegoda-12066361,Hatchback,4,Yes,Yes,Yes,Japan
Honda,FIT GP1,2012,"179,600 km",Automatic,Hybrid,1300.0,Registered (Used),"2026 Aug 10, 2:42 pm",Pannipitiya,Rs. 6490000,https://riyasewana.com/buy/honda-fit-gp1-sale-pannipitiya-12117052,Hatchback,4,Yes,Yes,Yes,Japan
Honda,FIT GP1,2013,"99,500 km",Automatic,Hybrid,1300.0,Registered (Used),"2026 Aug 07, 10:14 am",Piliyandala,Rs. 6575000,https://riyasewana.com/buy/honda-fit-gp1-sale-piliyandala-12096581,Hatchback,4,Yes,Yes,Yes,Japan
Honda,Fit Gp1,2014,"160,000 km",Automatic,Petrol,1300.0,Registered (Used),"2026 Aug 05, 9:27 pm",Polonnaruwa,Rs. 6300000,https://riyasewana.com/buy/honda-fit-gp1-sale-polonnaruwa-12088925,Hatchback,4,Yes,Yes,Yes,Japan
Honda,Fit GP1,2011,"141,000 km",Automatic,Petrol,1300.0,Registered (Used),"2026 Aug 07, 8:33 am",Polonnaruwa,Rs. 6700000,https://riyasewana.com/buy/honda-fit-gp1-sale-polonnaruwa-12095752,Hatchback,4,Yes,Yes,Yes,Japan
Honda,FIT GP1,2012,"130,000 km",Automatic,Petrol,1330.0,Registered (Used),"2026 Aug 05, 6:41 pm",Wattala,Rs. 6550000,https://riyasewana.com/buy/honda-fit-gp1-sale-wattala-12088288,Hatchback,4,Yes,Yes,Yes,Japan
Honda,Fit GP3 FREED,2014,"132,000 km",Automatic,Petrol,1499.0,Registered (Used),"2026 Aug 03, 12:04 pm",Panadura,Rs. 8400000,https://riyasewana.com/buy/honda-fit-gp3-sale-panadura-12075377,Minivan,4,Yes,Yes,Yes,Japan
Honda,Fit GP4,2013,"169,000 km",Automatic,Petrol,1500.0,Registered (Used),"2026 Aug 08, 5:14 pm",Dehiwala-Mount-Lavinia,Rs. 7500000,https://riyasewana.com/buy/honda-fit-gp4-sale-dehiwala-mount-lavinia-12106235,Hatchback,4,Yes,Yes,Yes,Japan
Honda,FIT Gp4,2013,"147,000 km",Automatic,Hybrid,1500.0,Registered (Used),"2026 Aug 09, 11:03 am",Galle,Negotiable,https://riyasewana.com/buy/honda-fit-gp4-sale-galle-12110281,Hatchback,4,Yes,Yes,Yes,Japan
Honda,Fit GP4,2013,"137,562 km",Automatic,Petrol,1480.0,Registered (Used),"2026 Aug 05, 9:58 am",Hambantota,Negotiable,https://riyasewana.com/buy/honda-fit-gp4-sale-hambantota-12085197,Hatchback,4,Yes,Yes,Yes,Japan
Honda,FIT Gp4,2012,"147,600 km",Automatic,Hybrid,1500.0,Registered (Used),"2026 Jul 29, 6:29 am",Kalutara,Rs. 7575000,https://riyasewana.com/buy/honda-fit-gp4-sale-kalutara-12043538,Hatchback,4,Yes,Yes,Yes,Japan
Honda,Fit GP5 S Grade,2014,"101,000 km",Automatic,Hybrid,1500.0,Registered (Used),"2026 Aug 06, 7:43 pm",Ampara,Rs. 8645000,https://riyasewana.com/buy/honda-fit-gp5-sale-ampara-12094193,Hatchback,4,Yes,Yes,Yes,Japan
Honda,Fit GP5 S Grade,2015,"76,000 km",Automatic,Hybrid,15000.0,Registered (Used),"2026 Aug 08, 4:30 pm",Ampara,Rs. 8325000,https://riyasewana.com/buy/honda-fit-gp5-sale-ampara-12106029,Hatchback,4,Yes,Yes,Yes,Japan
Honda,Fit GP5,2013,"128,000 km",Automatic,Hybrid,1500.0,Registered (Used),"2026 Jul 27, 5:24 pm",Anuradapura,Rs. 7700000,https://riyasewana.com/buy/honda-fit-gp5-sale-anuradapura-12036242,Hatchback,4,Yes,Yes,Yes,Japan
Honda,Fit GP5,2015,"150,500 km",Automatic,Petrol,1500.0,Registered (Used),"2026 Aug 06, 4:47 pm",Beruwala,Rs. 8550000,https://riyasewana.com/buy/honda-fit-gp5-sale-beruwala-12093410,Hatchback,4,Yes,Yes,Yes,Japan
Honda,Fit GP5,2014,"168,000 km",Automatic,Hybrid,1500.0,Registered (Used),"2026 Aug 09, 7:17 am",Boralesgamuwa,Rs. 8250000,https://riyasewana.com/buy/honda-fit-gp5-sale-boralesgamuwa-11824297,Hatchback,4,Yes,Yes,Yes,Japan
Honda,Fit GP5,2013,"48,000 km",Automatic,Hybrid,1500.0,Registered (Used),"2026 Aug 08, 4:11 pm",Boralesgamuwa,Rs. 8590000,https://riyasewana.com/buy/honda-fit-gp5-sale-boralesgamuwa-12105920,Hatchback,4,Yes,Yes,Yes,Japan
Honda,Fit GP5,2017,"62,000 km",Automatic,Hybrid,1500.0,Registered (Used),"2026 Jul 27, 3:18 pm",Colombo,Rs. 8850000,https://riyasewana.com/buy/honda-fit-gp5-sale-colombo-12035685,Hatchback,4,Yes,Yes,Yes,Japan
Honda,Fit GP5 S Grade,2015,"133,000 km",Automatic,Petrol,1500.0,Registered (Used),"2026 Jul 27, 5:26 pm",Colombo,Negotiable,https://riyasewana.com/buy/honda-fit-gp5-sale-colombo-12036250,Hatchback,4,Yes,Yes,Yes,Japan
Honda,Fit GP5,2014,"127,000 km",Automatic,Hybrid,1490.0,Registered (Used),"2026 Jul 28, 3:46 am",Colombo,Rs. 8150000,https://riyasewana.com/buy/honda-fit-gp5-sale-colombo-12037653,Hatchback,4,Yes,Yes,Yes,Japan
Honda,Fit GP5,2013,"121,000 km",Automatic,Petrol,1.0,Registered (Used),"2026 Jul 28, 10:29 am",Colombo,Rs. 7700000,https://riyasewana.com/buy/honda-fit-gp5-sale-colombo-12039504,Hatchback,4,Yes,Yes,Yes,Japan
Honda,Fit GP5,2017,"168,000 km",Automatic,Hybrid,1500.0,Registered (Used),"2026 Jul 28, 11:35 am",Colombo,Negotiable,https://riyasewana.com/buy/honda-fit-gp5-sale-colombo-12040047,Hatchback,4,Yes,Yes,Yes,Japan
Honda,Fit GP5 S Grade,2015,"132,000 km",Automatic,Hybrid,1500.0,Registered (Used),"2026 Jul 29, 10:46 am",Colombo,Rs. 8400000,https://riyasewana.com/buy/honda-fit-gp5-sale-colombo-12045564,Hatchback,4,Yes,Yes,Yes,Japan
Honda,FIT GP5,2015,"167,347 km",Automatic,Hybrid,1490.0,Registered (Used),"2026 Jul 31, 11:13 am",Colombo,Rs. 8250000,https://riyasewana.com/buy/honda-fit-gp5-sale-colombo-12056407,Hatchback,4,Yes,Yes,Yes,Japan
Honda,Fit GP5 S Grade Safety,2015,"107,000 km",Automatic,Hybrid,1500.0,Registered (Used),"2026 Aug 03, 11:03 am",Colombo,Rs. 8600000,https://riyasewana.com/buy/honda-fit-gp5-sale-colombo-12074884,Hatchback,4,Yes,Yes,Yes,Japan
Honda,Fit GP5,2014,"137,000 km",Automatic,Hybrid,1500.0,Registered (Used),"2026 Aug 04, 12:29 pm",Colombo,Rs. 7600000,https://riyasewana.com/buy/honda-fit-gp5-sale-colombo-12080716,Hatchback,4,Yes,Yes,Yes,Japan
Honda,Fit GP5,2014,"107,000 km",Automatic,Hybrid,1500.0,Registered (Used),"2026 Aug 05, 3:50 pm",Colombo,Rs. 7950000,https://riyasewana.com/buy/honda-fit-gp5-sale-colombo-12087401,Hatchback,4,Yes,Yes,Yes,Japan
Honda,Fit GP5,2013,"144,999 km",Automatic,Hybrid,1490.0,Registered (Used),"2026 Aug 07, 1:13 pm",Colombo,Rs. 7790000,https://riyasewana.com/buy/honda-fit-gp5-sale-colombo-12097855,Hatchback,4,Yes,Yes,Yes,Japan
Honda,Fit GP5,2014,"129,000 km",Automatic,Hybrid,,Registered (Used),"2026 Aug 09, 10:32 am",Colombo,Rs. 7990000,https://riyasewana.com/buy/honda-fit-gp5-sale-colombo-12109970,Hatchback,4,Yes,Yes,Yes,Japan
Honda,Fit GP5,2013,"100,000 km",Automatic,Hybrid,1500.0,Registered (Used),"2026 Aug 09, 4:12 pm",Colombo,Rs. 7275000,https://riyasewana.com/buy/honda-fit-gp5-sale-colombo-12112181,Hatchback,4,Yes,Yes,Yes,Japan
Honda,Fit GP5,2014,"121,000 km",Automatic,Petrol,1500.0,Registered (Used),"2026 Aug 10, 7:41 am",Colombo,Rs. 7800000,https://riyasewana.com/buy/honda-fit-gp5-sale-colombo-12114233,Hatchback,4,Yes,Yes,Yes,Japan
Honda,Fit GP5,2014,"158,000 km",Automatic,Hybrid,1500.0,Registered (Used),"2026 Aug 10, 11:50 am",Colombo,Rs. 8375000,https://riyasewana.com/buy/honda-fit-gp5-sale-colombo-12116104,Hatchback,4,Yes,Yes,Yes,Japan
Honda,Fit GP5,2015,"150,000 km",Automatic,Hybrid,1499.0,Registered (Used),"2026 Aug 10, 7:45 pm",Colombo,Rs. 7900000,https://riyasewana.com/buy/honda-fit-gp5-sale-colombo-12118351,Hatchback,4,Yes,Yes,Yes,Japan
Honda,FIT GP5 L GRADE,2014,"150,000 km",Automatic,Hybrid,1500.0,Registered (Used),"2026 Jul 31, 4:37 pm",Dankotuwa,Rs. 8100000,https://riyasewana.com/buy/honda-fit-gp5-sale-dankotuwa-12058158,Hatchback,4,Yes,Yes,Yes,Japan
Honda,Fit GP5,2014,"159,000 km",Automatic,Hybrid,1500.0,Registered (Used),"2026 Aug 08, 7:58 am",Dankotuwa,Rs. 7950000,https://riyasewana.com/buy/honda-fit-gp5-sale-dankotuwa-12101770,Hatchback,4,Yes,Yes,Yes,Japan
Honda,Fit GP5,2014,"150,000 km",Automatic,Hybrid,,Registered (Used),"2026 Aug 08, 8:07 am",Dankotuwa,Rs. 7950000,https://riyasewana.com/buy/honda-fit-gp5-sale-dankotuwa-12101870,Hatchback,4,Yes,Yes,Yes,Japan
Honda,FIT GP5,2014,"142,470 km",Automatic,Petrol,1500.0,Registered (Used),"2026 Aug 08, 9:34 am",Dankotuwa,Rs. 7700000,https://riyasewana.com/buy/honda-fit-gp5-sale-dankotuwa-12102941,Hatchback,4,Yes,Yes,Yes,Japan
Honda,FIT GP5 S Grade,2015,"133,000 km",Automatic,Petrol,1500.0,Registered (Used),"2026 Jul 27, 10:14 pm",Dehiwala-Mount-Lavinia,Rs. 8375000,https://riyasewana.com/buy/honda-fit-gp5-sale-dehiwala-mount-lavinia-12037421,Hatchback,4,Yes,Yes,Yes,Japan
Honda,Fit GP5 S Grade,2015,"70,000 km",Automatic,Hybrid,1500.0,Registered (Used),"2026 Jul 28, 5:30 pm",Dehiwala-Mount-Lavinia,Rs. 8900000,https://riyasewana.com/buy/honda-fit-gp5-sale-dehiwala-mount-lavinia-12041942,Hatchback,4,Yes,Yes,Yes,Japan
Honda,FIT GP5,2015,"75,000 km",Automatic,Petrol,1490.0,Registered (Used),"2026 Aug 04, 2:12 pm",Elpitiya,Rs. 8600000,https://riyasewana.com/buy/honda-fit-gp5-sale-elpitiya-12081296,Hatchback,4,Yes,Yes,Yes,Japan
Honda,Fit GP5,2015,"74,500 km",Automatic,Petrol,1449.0,Registered (Used),"2026 Aug 10, 9:02 pm",Elpitiya,Rs. 8500000,https://riyasewana.com/buy/honda-fit-gp5-sale-elpitiya-12118623,Hatchback,4,Yes,Yes,Yes,Japan
Honda,Fit GP5,2016,150 km,Automatic,Hybrid,1500.0,Registered (Used),"2026 Aug 05, 7:43 am",Embilipitiya,Negotiable,https://riyasewana.com/buy/honda-fit-gp5-sale-embilipitiya-12084148,Hatchback,4,Yes,Yes,Yes,Japan
Honda,FIT GP5,2016,113 km,Automatic,Hybrid,1500.0,Registered (Used),"2026 Aug 09, 7:56 am",Embilipitiya,Rs. 7985000,https://riyasewana.com/buy/honda-fit-gp5-sale-embilipitiya-12108345,Hatchback,4,Yes,Yes,Yes,Japan
Honda,Fit GP5,2014,150 km,Automatic,Hybrid,1490.0,Registered (Used),"2026 Aug 05, 7:49 pm",Galle,Rs. 8100000,https://riyasewana.com/buy/honda-fit-gp5-sale-galle-12088565,Hatchback,4,Yes,Yes,Yes,Japan
Honda,Fit GP5 S Grade,2015,"96,000 km",Automatic,Hybrid,1500.0,Registered (Used),"2026 Aug 06, 8:35 pm",Galle,Rs. 8675000,https://riyasewana.com/buy/honda-fit-gp5-sale-galle-12094392,Hatchback,4,Yes,Yes,Yes,Japan
Honda,Fit GP5 S Grade,2014,"213,000 km",Automatic,Hybrid,1500.0,Registered (Used),"2026 Aug 07, 11:16 am",Galle,Rs. 7980000,https://riyasewana.com/buy/honda-fit-gp5-sale-galle-12097121,Hatchback,4,Yes,Yes,Yes,Japan
Honda,Fit GP5,2013,"160,000 km",Automatic,Hybrid,1500.0,Registered (Used),"2026 Aug 07, 5:52 pm",Galle,Rs. 7600000,https://riyasewana.com/buy/honda-fit-gp5-sale-galle-12099376,Hatchback,4,Yes,Yes,Yes,Japan
Honda,Fit GP5,2013,"121,000 km",Automatic,Petrol,1500.0,Registered (Used),"2026 Aug 08, 7:46 am",Galle,Rs. 7675000,https://riyasewana.com/buy/honda-fit-gp5-sale-galle-12101641,Hatchback,4,Yes,Yes,Yes,Japan
Honda,Fit GP5,2014,"116,000 km",Automatic,Hybrid,1500.0,Registered (Used),"2026 Jul 29, 6:38 pm",Gampaha,Rs. 7650000,https://riyasewana.com/buy/honda-fit-gp5-sale-gampaha-12047848,Hatchback,4,Yes,Yes,Yes,Japan
Honda,Fit GP5,2014,"155,000 km",Automatic,Petrol,1490.0,Registered (Used),"2026 Jul 31, 11:33 pm",Gampaha,Negotiable,https://riyasewana.com/buy/honda-fit-gp5-sale-gampaha-12060049,Hatchback,4,Yes,Yes,Yes,Japan
Honda,Fit GP5,2015,"105,000 km",Automatic,Hybrid,1500.0,Registered (Used),"2026 Aug 10, 9:07 am",Gampaha,Rs. 7490000,https://riyasewana.com/buy/honda-fit-gp5-sale-gampaha-12084672,Hatchback,4,Yes,Yes,Yes,Japan
Honda,Fit GP5 S,2015,"160,000 km",Automatic,Hybrid,1500.0,Registered (Used),"2026 Aug 07, 8:57 am",Gampaha,Rs. 8550000,https://riyasewana.com/buy/honda-fit-gp5-sale-gampaha-12095951,Hatchback,4,Yes,Yes,Yes,Japan
Honda,Fit GP5,2015,"182,000 km",Automatic,Hybrid,1500.0,Registered (Used),"2026 Aug 05, 5:34 pm",Hambantota,Rs. 8200000,https://riyasewana.com/buy/honda-fit-gp5-sale-hambantota-12087972,Hatchback,4,Yes,Yes,Yes,Japan
Honda,Fit GP5 L Grade,2017,"150,000 km",Automatic,Petrol,1500.0,Registered (Used),"2026 Aug 08, 10:06 pm",Hambantota,Rs. 8850000,https://riyasewana.com/buy/honda-fit-gp5-sale-hambantota-12107521,Hatchback,4,Yes,Yes,Yes,Japan
Honda,Fit GP5,2015,"93,500 km",Automatic,Hybrid,1500.0,Registered (Used),"2026 Aug 05, 9:52 pm",Hanwella,Negotiable,https://riyasewana.com/buy/honda-fit-gp5-sale-hanwella-12088997,Hatchback,4,Yes,Yes,Yes,Japan
Honda,Fit GP5,2014,"180,000 km",Automatic,Petrol,1496.0,Registered (Used),"2026 Aug 02, 7:56 am",Hatton,Rs. 7500000,https://riyasewana.com/buy/honda-fit-gp5-sale-hatton-12067608,Hatchback,4,Yes,Yes,Yes,Japan
Honda,FIT GP5 S Grade Safety,2013,"123,000 km",Automatic,Hybrid,1500.0,Registered (Used),"2026 Aug 09, 9:16 am",Homagama,Rs. 8200000,https://riyasewana.com/buy/honda-fit-gp5-sale-homagama-12018497,Hatchback,4,Yes,Yes,Yes,Japan
Honda,Fit GP5,2013,"135,000 km",Automatic,Petrol,1300.0,Registered (Used),"2026 Aug 09, 8:28 am",Homagama,Negotiable,https://riyasewana.com/buy/honda-fit-gp5-sale-homagama-12108631,Hatchback,4,Yes,Yes,Yes,Japan
Honda,FIT GP5,2014,"136,000 km",Automatic,Hybrid,1500.0,Registered (Used),"2026 Aug 01, 7:51 am",Jaffna,Rs. 7650000,https://riyasewana.com/buy/honda-fit-gp5-sale-jaffna-12060870,Hatchback,4,Yes,Yes,Yes,Japan
Honda,Fit GP5,2017,"120,123 km",Automatic,Petrol,1500.0,Registered (Used),"2026 Jul 29, 10:26 am",Kadawatha,Rs. 7890000,https://riyasewana.com/buy/honda-fit-gp5-sale-kadawatha-12045371,Hatchback,4,Yes,Yes,Yes,Japan
Honda,Fit GP5,2014,"130,000 km",Automatic,Petrol,,Registered (Used),"2026 Aug 02, 6:21 pm",Kadawatha,Negotiable,https://riyasewana.com/buy/honda-fit-gp5-sale-kadawatha-12071832,Hatchback,4,Yes,Yes,Yes,Japan
Honda,Fit GP5,2014,"115,000 km",Automatic,Hybrid,1500.0,Registered (Used),"2026 Aug 05, 1:34 pm",Kadawatha,Rs. 7795000,https://riyasewana.com/buy/honda-fit-gp5-sale-kadawatha-12086788,Hatchback,4,Yes,Yes,Yes,Japan
Honda,Fit GP5,2014,"114,000 km",Automatic,Hybrid,1500.0,Registered (Used),"2026 Aug 10, 6:40 pm",Kadawatha,Rs. 7850000,https://riyasewana.com/buy/honda-fit-gp5-sale-kadawatha-12118042,Hatchback,4,Yes,Yes,Yes,Japan
Honda,Fit GP5,2015,"128,600 km",Automatic,Hybrid,1500.0,Registered (Used),"2026 Aug 01, 8:10 am",Kalutara,Rs. 8050000,https://riyasewana.com/buy/honda-fit-gp5-sale-kalutara-12024528,Hatchback,4,Yes,Yes,Yes,Japan
Honda,Fit GP5 S Grade,2016,"130,000 km",Automatic,Petrol,1500.0,Registered (Used),"2026 Aug 04, 12:56 pm",Kalutara,Negotiable,https://riyasewana.com/buy/honda-fit-gp5-sale-kalutara-12064106,Hatchback,4,Yes,Yes,Yes,Japan
Honda,Fit GP5,2013,"135,000 km",Automatic,Petrol,1500.0,Registered (Used),"2026 Aug 03, 10:56 pm",Kalutara,Rs. 7400000,https://riyasewana.com/buy/honda-fit-gp5-sale-kalutara-12077908,Hatchback,4,Yes,Yes,Yes,Japan
Honda,Fit GP5,2014,"147,000 km",Automatic,Petrol,1500.0,Registered (Used),"2026 Jul 31, 8:13 pm",Kandy,Rs. 7800000,https://riyasewana.com/buy/honda-fit-gp5-sale-kandy-12059386,Hatchback,4,Yes,Yes,Yes,Japan
Honda,FIT GP5 S Grade Safety,2015,"106,000 km",Automatic,Petrol,1500.0,Registered (Used),"2026 Aug 04, 8:36 pm",Kandy,Rs. 8490000,https://riyasewana.com/buy/honda-fit-gp5-sale-kandy-12083158,Hatchback,4,Yes,Yes,Yes,Japan
Honda,Fit GP5,2015,160 km,Automatic,Petrol,1500.0,Registered (Used),"2026 Aug 10, 8:28 am",Kandy,Rs. 7895000,https://riyasewana.com/buy/honda-fit-gp5-sale-kandy-12092113,Hatchback,4,Yes,Yes,Yes,Japan
Honda,Fit GP5 S Grade Safety,2016,"88,940 km",Automatic,Hybrid,1500.0,Registered (Used),"2026 Aug 09, 8:15 am",Kandy,Rs. 8875000,https://riyasewana.com/buy/honda-fit-gp5-sale-kandy-12108510,Hatchback,4,Yes,Yes,Yes,Japan
Honda,Fit GP5 L Grade,2015,"165,000 km",Automatic,Hybrid,1500.0,Registered (Used),"2026 Aug 09, 10:02 am",Kandy,Negotiable,https://riyasewana.com/buy/honda-fit-gp5-sale-kandy-12109662,Hatchback,4,Yes,Yes,Yes,Japan
Honda,FIT GP5,2013,"128,000 km",Automatic,Hybrid,1500.0,Registered (Used),"2026 Aug 10, 1:56 pm",Kandy,Rs. 7950000,https://riyasewana.com/buy/honda-fit-gp5-sale-kandy-12111414,Hatchback,4,Yes,Yes,Yes,Japan
Honda,Fit Gp5 S Grade,2015,"160,000 km",Automatic,Petrol,1500.0,Registered (Used),"2026 Aug 10, 9:07 am",Kandy,Rs. 8590000,https://riyasewana.com/buy/honda-fit-gp5-sale-kandy-12114841,Hatchback,4,Yes,Yes,Yes,Japan
Honda,FIT GP5 S grade,2015,"155,000 km",Automatic,Hybrid,1500.0,Registered (Used),"2026 Aug 10, 10:03 am",Kandy,Rs. 8250000,https://riyasewana.com/buy/honda-fit-gp5-sale-kandy-12115276,Hatchback,4,Yes,Yes,Yes,Japan
Honda,Fit Gp5,2015,155 km,Automatic,Petrol,1500.0,Registered (Used),"2026 Aug 10, 4:23 pm",Kandy,Negotiable,https://riyasewana.com/buy/honda-fit-gp5-sale-kandy-12117528,Hatchback,4,Yes,Yes,Yes,Japan
Honda,Fit GP5,2014,"155,000 km",Automatic,Hybrid,1500.0,Registered (Used),"2026 Jul 29, 6:32 pm",Katunayake,Rs. 8050000,https://riyasewana.com/buy/honda-fit-gp5-sale-katunayake-12047819,Hatchback,4,Yes,Yes,Yes,Japan
Honda,FIT GP5,2014,"175,000 km",Automatic,Hybrid,1400.0,Registered (Used),"2026 Aug 01, 11:11 am",Kegalle,Rs. 7800000,https://riyasewana.com/buy/honda-fit-gp5-sale-kegalle-12063245,Hatchback,4,Yes,Yes,Yes,Japan
Honda,Fit GP5,2015,"104,000 km",Automatic,Hybrid,1500.0,Registered (Used),"2026 Aug 07, 10:33 am",Kegalle,Rs. 8425000,https://riyasewana.com/buy/honda-fit-gp5-sale-kegalle-12096759,Hatchback,4,Yes,Yes,Yes,Japan
Honda,Fit GP5 S Grade,2015,"121,000 km",Automatic,Hybrid,1500.0,Registered (Used),"2026 Aug 10, 2:53 pm",Kegalle,Rs. 8590000,https://riyasewana.com/buy/honda-fit-gp5-sale-kegalle-12117112,Hatchback,4,Yes,Yes,Yes,Japan
Honda,Fit GP5 L Grade,2015,"131,000 km",Automatic,Hybrid,1500.0,Registered (Used),"2026 Aug 09, 2:06 pm",Kelaniya,Rs. 8100000,https://riyasewana.com/buy/honda-fit-gp5-sale-kelaniya-12111578,Hatchback,4,Yes,Yes,Yes,Japan
Honda,Fit GP5,2014,"112,000 km",Automatic,Hybrid,1490.0,Registered (Used),"2026 Aug 09, 2:37 pm",Kesbewa,Rs. 7790000,https://riyasewana.com/buy/honda-fit-gp5-sale-kesbewa-12111725,Hatchback,4,Yes,Yes,Yes,Japan
Honda,Fit GP5,2014,"137,500 km",Automatic,Hybrid,1500.0,Registered (Used),"2026 Aug 06, 11:06 am",Kiribathgoda,Rs. 8375000,https://riyasewana.com/buy/honda-fit-gp5-sale-kiribathgoda-12055115,Hatchback,4,Yes,Yes,Yes,Japan
Honda,Fit GP5,2014,"161,000 km",Automatic,Hybrid,1500.0,Registered (Used),"2026 Aug 08, 12:39 am",Kiribathgoda,Rs. 8150000,https://riyasewana.com/buy/honda-fit-gp5-sale-kiribathgoda-12100906,Hatchback,4,Yes,Yes,Yes,Japan
Honda,Fit GP5,2014,"146,500 km",Automatic,Hybrid,1490.0,Registered (Used),"2026 Aug 05, 6:21 pm",Kotte,Rs. 8150000,https://riyasewana.com/buy/honda-fit-gp5-sale-kotte-12088193,Hatchback,4,Yes,Yes,Yes,Japan
Honda,Fit GP5,2014,"167,000 km",Automatic,Hybrid,1500.0,Registered (Used),"2026 Jul 27, 8:00 pm",Kurunegala,Rs. 7990000,https://riyasewana.com/buy/honda-fit-gp5-sale-kurunegala-12036887,Hatchback,4,Yes,Yes,Yes,Japan
Honda,Fit GP5 S Grade Safety,2016,"88,940 km",Automatic,Hybrid,1500.0,Registered (Used),"2026 Aug 09, 8:12 am",Kurunegala,Rs. 8875000,https://riyasewana.com/buy/honda-fit-gp5-sale-kurunegala-12108489,Hatchback,4,Yes,Yes,Yes,Japan
Honda,FIT GP5,2015,"149,000 km",Automatic,Hybrid,1500.0,Registered (Used),"2026 Aug 10, 11:53 am",Kurunegala,Rs. 7680000,https://riyasewana.com/buy/honda-fit-gp5-sale-kurunegala-12116117,Hatchback,4,Yes,Yes,Yes,Japan
Honda,Fit GP5 L Grade,2015,"167,000 km",Automatic,Hybrid,1500.0,Registered (Used),"2026 Aug 05, 10:07 am",Malabe,Rs. 8175000,https://riyasewana.com/buy/honda-fit-gp5-sale-malabe-12085279,Hatchback,4,Yes,Yes,Yes,Japan
Honda,FIT GP5,2015,"133,000 km",Automatic,Hybrid,1500.0,Registered (Used),"2026 Aug 07, 4:04 pm",Malabe,Rs. 8150000,https://riyasewana.com/buy/honda-fit-gp5-sale-malabe-12098825,Hatchback,4,Yes,Yes,Yes,Japan
Honda,Fit GP5,2014,"161,618 km",Automatic,Hybrid,1500.0,Registered (Used),"2026 Aug 10, 4:06 pm",Malabe,Rs. 8095000,https://riyasewana.com/buy/honda-fit-gp5-sale-malabe-12117455,Hatchback,4,Yes,Yes,Yes,Japan
Honda,Fit GP5 S Grade,2014,"166,000 km",Automatic,Hybrid,1490.0,Registered (Used),"2026 Aug 01, 10:56 am",Matara,Rs. 8200000,https://riyasewana.com/buy/honda-fit-gp5-sale-matara-11998167,Hatchback,4,Yes,Yes,Yes,Japan
Honda,Fit GP5 S Grade,2015,155 km,Automatic,Hybrid,1500.0,Registered (Used),"2026 Aug 04, 9:29 am",Matara,Rs. 8600000,https://riyasewana.com/buy/honda-fit-gp5-sale-matara-12079197,Hatchback,4,Yes,Yes,Yes,Japan
Honda,FIT GP5,2014,"126,500 km",Automatic,Hybrid,1500.0,Registered (Used),"2026 Aug 07, 10:23 am",Matara,Rs. 8075000,https://riyasewana.com/buy/honda-fit-gp5-sale-matara-12096660,Hatchback,4,Yes,Yes,Yes,Japan
Honda,Fit GP5 L Grade,2014,"132,500 km",Automatic,Petrol,1500.0,Registered (Used),"2026 Aug 07, 8:08 pm",Matara,Rs. 8350000,https://riyasewana.com/buy/honda-fit-gp5-sale-matara-12100154,Hatchback,4,Yes,Yes,Yes,Japan
Honda,Fit GP5,2013,"150,600 km",Automatic,Hybrid,1500.0,Registered (Used),"2026 Aug 06, 12:01 pm",Matugama,Negotiable,https://riyasewana.com/buy/honda-fit-gp5-sale-matugama-12091964,Hatchback,4,Yes,Yes,Yes,Japan
Honda,Fit GP5,2015,"97,758 km",Automatic,Hybrid,1500.0,Registered (Used),"2026 Aug 10, 10:05 am",Mirigama,Rs. 8890000,https://riyasewana.com/buy/honda-fit-gp5-sale-mirigama-12115291,Hatchback,4,Yes,Yes,Yes,Japan
Honda,FIT GP5,2015,"150,000 km",Automatic,Hybrid,1500.0,Registered (Used),"2026 Jul 29, 7:15 am",Moneragala,Rs. 7700000,https://riyasewana.com/buy/honda-fit-gp5-sale-moneragala-12043726,Hatchback,4,Yes,Yes,Yes,Japan
Honda,FIT GP5,2014,"165,000 km",Automatic,Petrol,1490.0,Registered (Used),"2026 Aug 08, 6:42 am",Moratuwa,Rs. 7850000,https://riyasewana.com/buy/honda-fit-gp5-sale-moratuwa-12101182,Hatchback,4,Yes,Yes,Yes,Japan
Honda,Fit GP5,2014,"124,000 km",Automatic,Hybrid,1490.0,Registered (Used),"2026 Aug 09, 9:27 am",Negombo,Rs. 7750000,https://riyasewana.com/buy/honda-fit-gp5-sale-negombo-12109263,Hatchback,4,Yes,Yes,Yes,Japan
Honda,Fit GP5 L Grade,2015,"120,000 km",Automatic,Hybrid,1500.0,Registered (Used),"2026 Aug 09, 11:21 am",Negombo,Rs. 7950000,https://riyasewana.com/buy/honda-fit-gp5-sale-negombo-12110499,Hatchback,4,Yes,Yes,Yes,Japan
Honda,FIT GP5,2013,140 km,Automatic,Hybrid,1500.0,Registered (Used),"2026 Aug 10, 9:36 am",Negombo,Rs. 7950000,https://riyasewana.com/buy/honda-fit-gp5-sale-negombo-12115065,Hatchback,4,Yes,Yes,Yes,Japan
Honda,Fit GP5,2014,120 km,Automatic,Hybrid,,Registered (Used),"2026 Aug 10, 9:41 am",Negombo,Rs. 7950000,https://riyasewana.com/buy/honda-fit-gp5-sale-negombo-12115119,Hatchback,4,Yes,Yes,Yes,Japan
Honda,Fit GP5,2014,135 km,Automatic,Hybrid,1500.0,Registered (Used),"2026 Aug 10, 9:49 am",Negombo,Rs. 7990000,https://riyasewana.com/buy/honda-fit-gp5-sale-negombo-12115176,Hatchback,4,Yes,Yes,Yes,Japan
Honda,Fit GP5,2013,135 km,Automatic,Hybrid,1500.0,Registered (Used),"2026 Aug 10, 10:04 am",Negombo,Rs. 7990000,https://riyasewana.com/buy/honda-fit-gp5-sale-negombo-12115284,Hatchback,4,Yes,Yes,Yes,Japan
Honda,Fit Gp5,2014,174 km,Automatic,Hybrid,1500.0,Registered (Used),"2026 Jul 28, 11:05 pm",Nittambuwa,Rs. 7600000,https://riyasewana.com/buy/honda-fit-gp5-sale-nittambuwa-12043281,Hatchback,4,Yes,Yes,Yes,Japan
Honda,FIT GP5,2015,"96,000 km",Automatic,Hybrid,1500.0,Registered (Used),"2026 Aug 08, 7:22 am",Nittambuwa,Rs. 8300000,https://riyasewana.com/buy/honda-fit-gp5-sale-nittambuwa-12101417,Hatchback,4,Yes,Yes,Yes,Japan
Honda,Fit GP5,2015,"132,000 km",Automatic,Hybrid,1500.0,Registered (Used),"2026 Aug 10, 8:40 am",Nittambuwa,Rs. 8190000,https://riyasewana.com/buy/honda-fit-gp5-sale-nittambuwa-12114639,Hatchback,4,Yes,Yes,Yes,Japan
Honda,Fit GP5,2015,"150,000 km",Automatic,Hybrid,1500.0,Registered (Used),"2026 Aug 10, 9:42 am",Nittambuwa,Negotiable,https://riyasewana.com/buy/honda-fit-gp5-sale-nittambuwa-12115126,Hatchback,4,Yes,Yes,Yes,Japan
Honda,Fit GP5 S grade,2015,"139,750 km",Automatic,Petrol,1499.0,Registered (Used),"2026 Aug 10, 8:28 pm",Nittambuwa,Rs. 8480000,https://riyasewana.com/buy/honda-fit-gp5-sale-nittambuwa-12118505,Hatchback,4,Yes,Yes,Yes,Japan
Honda,Fit GP5,2014,"158,000 km",Automatic,Hybrid,1490.0,Registered (Used),"2026 Jul 31, 1:59 pm",Nugegoda,Rs. 8600000,https://riyasewana.com/buy/honda-fit-gp5-sale-nugegoda-12057338,Hatchback,4,Yes,Yes,Yes,Japan
Honda,Fit GP5 L GRADE,2014,"158,000 km",Automatic,Hybrid,1500.0,Registered (Used),"2026 Aug 06, 3:16 pm",Nugegoda,Rs. 7750000,https://riyasewana.com/buy/honda-fit-gp5-sale-nugegoda-12092977,Hatchback,4,Yes,Yes,Yes,Japan
Honda,Fit GP5,2013,"178,000 km",Automatic,Hybrid,1500.0,Registered (Used),"2026 Aug 03, 8:25 am",Panadura,Rs. 7675000,https://riyasewana.com/buy/honda-fit-gp5-sale-panadura-12073546,Hatchback,4,Yes,Yes,Yes,Japan
Honda,Fit GP5 S GRADE,2015,"114,500 km",Automatic,Petrol,1.0,Registered (Used),"2026 Aug 04, 12:19 am",Panadura,Rs. 8950000,https://riyasewana.com/buy/honda-fit-gp5-sale-panadura-12077984,Hatchback,4,Yes,Yes,Yes,Japan
Honda,Fit GP5 S Grade,2015,"90,100 km",Automatic,Hybrid,1500.0,Registered (Used),"2026 Aug 10, 11:15 am",Panadura,Rs. 8250000,https://riyasewana.com/buy/honda-fit-gp5-sale-panadura-12115851,Hatchback,4,Yes,Yes,Yes,Japan
Honda,FIT GP5,2013,"180,000 km",Automatic,Hybrid,1490.0,Registered (Used),"2026 Aug 01, 1:46 pm",Pannala,Negotiable,https://riyasewana.com/buy/honda-fit-gp5-sale-pannala-12064489,Hatchback,4,Yes,Yes,Yes,Japan
Honda,Fit GP5,2018,"79,100 km",Automatic,Petrol,1500.0,Registered (Used),"2026 Aug 10, 11:04 am",Pannipitiya,Rs. 8990000,https://riyasewana.com/buy/honda-fit-gp5-sale-pannipitiya-12115764,Hatchback,4,Yes,Yes,Yes,Japan
Honda,Fit GP5,2015,"107,100 km",Automatic,Hybrid,1500.0,Registered (Used),"2026 Aug 10, 11:13 am",Pannipitiya,Rs. 8800000,https://riyasewana.com/buy/honda-fit-gp5-sale-pannipitiya-12115838,Hatchback,4,Yes,Yes,Yes,Japan
Honda,Fit GP5 S grade,2015,"108,000 km",Automatic,Hybrid,1500.0,Registered (Used),"2026 Aug 07, 9:42 pm",Piliyandala,Rs. 8950000,https://riyasewana.com/buy/honda-fit-gp5-sale-piliyandala-12100601,Hatchback,4,Yes,Yes,Yes,Japan
Honda,Fit GP5,2014,"170,000 km",Automatic,Hybrid,1500.0,Registered (Used),"2026 Jul 30, 10:58 am",Rajagiriya,Rs. 7565000,https://riyasewana.com/buy/honda-fit-gp5-sale-rajagiriya-12050732,Hatchback,4,Yes,Yes,Yes,Japan
Honda,Fit GP5,2015,"130,000 km",Automatic,Petrol,1490.0,Registered (Used),"2026 Aug 03, 12:00 pm",Rajagiriya,Rs. 8000000,https://riyasewana.com/buy/honda-fit-gp5-sale-rajagiriya-12075342,Hatchback,4,Yes,Yes,Yes,Japan
Honda,Fit GP5,2015,"150,000 km",Automatic,Hybrid,1500.0,Registered (Used),"2026 Aug 08, 4:25 pm",Rajagiriya,Rs. 7910000,https://riyasewana.com/buy/honda-fit-gp5-sale-rajagiriya-12106007,Hatchback,4,Yes,Yes,Yes,Japan
Honda,FIT GP5,2016,"115,000 km",Automatic,Hybrid,1500.0,Registered (Used),"2026 Aug 03, 11:50 am",Tangalle,Rs. 8250000,https://riyasewana.com/buy/honda-fit-gp5-sale-tangalle-12075261,Hatchback,4,Yes,Yes,Yes,Japan
Honda,Fit GP5,2014,"159,000 km",Automatic,Hybrid,1500.0,Registered (Used),"2026 Aug 05, 10:15 pm",Wennappuwa,Rs. 7950000,https://riyasewana.com/buy/honda-fit-gp5-sale-wennappuwa-12089066,Hatchback,4,Yes,Yes,Yes,Japan
Honda,Fit GP5 L Safety,2016,"124,000 km",Automatic,Petrol,1500.0,Registered (Used),"2026 Aug 06, 5:03 pm",Wennappuwa,Rs. 8100000,https://riyasewana.com/buy/honda-fit-gp5-sale-wennappuwa-12093487,Hatchback,4,Yes,Yes,Yes,Japan
Honda,Fit GP5 S grade,2015,"189,000 km",Automatic,Hybrid,1500.0,Registered (Used),"2026 Jul 28, 6:56 am",Kandy,Negotiable,https://riyasewana.com/buy/honda-fit-gp5s-sale-kandy-12037923,Hatchback,4,Yes,Yes,Yes,Japan
Honda,Fit,2015,"83,000 km",Automatic,Hybrid,1339.0,Registered (Used),"2026 Jul 27, 1:28 pm",Anuradapura,Rs. 7724984,https://riyasewana.com/buy/honda-fit-sale-anuradapura-12035082,Hatchback,4,Yes,Yes,Yes,Japan
Honda,Fit,2013,"145,000 km",Automatic,Petrol,1330.0,Registered (Used),"2026 Aug 02, 6:26 am",Badulla,Rs. 7000000,https://riyasewana.com/buy/honda-fit-sale-badulla-12067159,Hatchback,4,Yes,Yes,Yes,Japan
Honda,Fit,2012,"138,000 km",Automatic,Petrol,1330.0,Registered (Used),"2026 Aug 10, 8:55 pm",Balangoda,Rs. 6550000,https://riyasewana.com/buy/honda-fit-sale-balangoda-12118599,Hatchback,4,Yes,Yes,Yes,Japan
Honda,Fit,2014,"87,121 km",Automatic,Hybrid,1500.0,Registered (Used),"2026 Aug 04, 6:03 pm",Boralesgamuwa,Rs. 7950000,https://riyasewana.com/buy/honda-fit-sale-boralesgamuwa-12082234,Hatchback,4,Yes,Yes,Yes,Japan
Honda,Fit,2013,"169,000 km",Automatic,Hybrid,,Registered (Used),"2026 Jul 29, 12:35 am",Colombo,Negotiable,https://riyasewana.com/buy/honda-fit-sale-colombo-12043397,Hatchback,4,Yes,Yes,Yes,Japan
Honda,Fit,2012,"190,000 km",Automatic,Hybrid,1300.0,Registered (Used),"2026 Aug 05, 1:40 pm",Colombo,Rs. 6550000,https://riyasewana.com/buy/honda-fit-sale-colombo-12086827,Hatchback,4,Yes,Yes,Yes,Japan
Honda,Fit,2012,117 km,Automatic,Hybrid,1500.0,Registered (Used),"2026 Aug 01, 7:30 am",Embilipitiya,Rs. 6450000,https://riyasewana.com/buy/honda-fit-sale-embilipitiya-12060659,Hatchback,4,Yes,Yes,Yes,Japan
Honda,Fit,2012,"16,964 km",Automatic,Hybrid,1500.0,Registered (Used),"2026 Aug 06, 2:07 am",Kadawatha,Rs. 6350000,https://riyasewana.com/buy/honda-fit-sale-kadawatha-12089307,Hatchback,4,Yes,Yes,Yes,Japan
Honda,Fit,2011,180 km,Automatic,Petrol,1330.0,Registered (Used),"2026 Jul 27, 5:34 pm",Kandy,Rs. 6700000,https://riyasewana.com/buy/honda-fit-sale-kandy-12036292,Hatchback,4,Yes,Yes,Yes,Japan
Honda,Fit,2015,"105,000 km",Automatic,Hybrid,1500.0,Registered (Used),"2026 Aug 07, 6:02 pm",Kegalle,Negotiable,https://riyasewana.com/buy/honda-fit-sale-kegalle-12099435,Hatchback,4,Yes,Yes,Yes,Japan
Honda,Fit,2012,"126,000 km",Automatic,Hybrid,1300.0,Registered (Used),"2026 Jul 28, 1:12 pm",Kiribathgoda,Rs. 6775000,https://riyasewana.com/buy/honda-fit-sale-kiribathgoda-12040751,Hatchback,4,Yes,Yes,Yes,Japan
Honda,Fit,2014,88 km,Automatic,Petrol,,Registered (Used),"2026 Aug 02, 4:43 pm",Kottawa,Negotiable,https://riyasewana.com/buy/honda-fit-sale-kottawa-12071434,Hatchback,4,Yes,Yes,Yes,Japan
Honda,Fit,2014,"205,000 km",Automatic,Hybrid,1490.0,Registered (Used),"2026 Jul 30, 8:58 pm",Kuliyapitiya,Rs. 7500000,https://riyasewana.com/buy/honda-fit-sale-kuliyapitiya-12053766,Hatchback,4,Yes,Yes,Yes,Japan
Honda,Fit,2014,"150,000 km",Automatic,Hybrid,1500.0,Registered (Used),"2026 Aug 04, 6:31 pm",Kurunegala,Rs. 8390000,https://riyasewana.com/buy/honda-fit-sale-kurunegala-12082515,Hatchback,4,Yes,Yes,Yes,Japan
Honda,Fit,2011,"162,000 km",Automatic,Petrol,1000.0,Registered (Used),"2026 Jul 27, 3:09 pm",Matale,Negotiable,https://riyasewana.com/buy/honda-fit-sale-matale-12035629,Hatchback,4,Yes,Yes,Yes,Japan
Honda,Fit,2011,"162,000 km",Manual,Petrol,1000.0,Registered (Used),"2026 Aug 01, 9:17 am",Matale,Rs. 5650000,https://riyasewana.com/buy/honda-fit-sale-matale-12061836,Hatchback,4,Yes,Yes,Yes,Japan
Honda,Fit,2012,"165,000 km",Automatic,Hybrid,1300.0,Registered (Used),"2026 Aug 05, 8:00 am",Matara,Rs. 6550000,https://riyasewana.com/buy/honda-fit-sale-matara-12084274,Hatchback,4,Yes,Yes,Yes,Japan
Honda,Fit,2015,"107,734 km",Automatic,Hybrid,1499.0,Registered (Used),"2026 Aug 07, 9:02 am",Matara,Negotiable,https://riyasewana.com/buy/honda-fit-sale-matara-12095984,Hatchback,4,Yes,Yes,Yes,Japan
Honda,Fit,2015,"132,000 km",Automatic,Petrol,1500.0,Registered (Used),"2026 Jul 28, 11:22 am",Moneragala,Rs. 8600000,https://riyasewana.com/buy/honda-fit-sale-moneragala-12039941,Hatchback,4,Yes,Yes,Yes,Japan
Honda,Fit,2016,"160,000 km",Automatic,Petrol,1.0,Registered (Used),"2026 Jul 27, 7:39 pm",Moratuwa,Rs. 8800000,https://riyasewana.com/buy/honda-fit-sale-moratuwa-12036819,Hatchback,4,Yes,Yes,Yes,Japan
Honda,Fit,2014,"148,000 km",Automatic,Hybrid,1330.0,Registered (Used),"2026 Aug 09, 7:47 am",Moratuwa,Negotiable,https://riyasewana.com/buy/honda-fit-sale-moratuwa-12108274,Hatchback,4,Yes,Yes,Yes,Japan
Honda,Fit,2013,"172,000 km",Automatic,Petrol,1330.0,Registered (Used),"2026 Jul 28, 2:20 pm",Negombo,Negotiable,https://riyasewana.com/buy/honda-fit-sale-negombo-12041093,Hatchback,4,Yes,Yes,Yes,Japan
Honda,FIT SHUTTLE GP2,2013,"173,000 km",Automatic,Hybrid,1350.0,Registered (Used),"2026 Aug 02, 12:30 pm",Ambalangoda,Rs. 8900000,https://riyasewana.com/buy/honda-fit-shuttle-sale-ambalangoda-12070131,Minivan,4,Yes,Yes,Yes,Japan
Honda,Fit Shuttle,2013,"176,000 km",Automatic,Hybrid,1330.0,Registered (Used),"2026 Aug 05, 9:54 pm",Beruwala,Negotiable,https://riyasewana.com/buy/honda-fit-shuttle-sale-beruwala-12089002,Minivan,4,Yes,Yes,Yes,Japan
Honda,Fit Shuttle,2013,"147,000 km",Automatic,Petrol,1390.0,Registered (Used),"2026 Aug 09, 9:18 am",Beruwala,Negotiable,https://riyasewana.com/buy/honda-fit-shuttle-sale-beruwala-12109155,Minivan,4,Yes,Yes,Yes,Japan
Honda,Fit Shuttle Special Edition,2013,"166,000 km",Automatic,Hybrid,1350.0,Registered (Used),"2026 Aug 08, 8:51 am",Colombo,Rs. 8700000,https://riyasewana.com/buy/honda-fit-shuttle-sale-colombo-12058512,Minivan,4,Yes,Yes,Yes,Japan
Honda,Fit Shuttle,2013,"142,000 km",Automatic,Hybrid,1339.0,Registered (Used),"2026 Aug 09, 11:40 am",Colombo,Rs. 9750000,https://riyasewana.com/buy/honda-fit-shuttle-sale-colombo-12110694,Minivan,4,Yes,Yes,Yes,Japan
Honda,FIT Shuttle,2013,"257,000 km",Automatic,Petrol,1330.0,Registered (Used),"2026 Aug 10, 4:54 pm",Dambulla,Rs. 8700000,https://riyasewana.com/buy/honda-fit-shuttle-sale-dambulla-12117659,Minivan,4,Yes,Yes,Yes,Japan
Honda,Fit Shuttle,2011,"244,000 km",Automatic,Petrol,1500.0,Registered (Used),"2026 Aug 07, 8:05 pm",Gampaha,Negotiable,https://riyasewana.com/buy/honda-fit-shuttle-sale-gampaha-12100128,Minivan,4,Yes,Yes,Yes,Japan
Honda,Fit Shuttle,2012,"214,000 km",Automatic,Hybrid,1300.0,Registered (Used),"2026 Aug 08, 7:10 am",Ja-Ela,Negotiable,https://riyasewana.com/buy/honda-fit-shuttle-sale-ja-ela-12101329,Minivan,4,Yes,Yes,Yes,Japan
Honda,FIT Shuttle,2014,"210,000 km",Automatic,Hybrid,1330.0,Registered (Used),"2026 Aug 09, 11:02 am",Ja-Ela,Rs. 8600000,https://riyasewana.com/buy/honda-fit-shuttle-sale-ja-ela-12110274,Minivan,4,Yes,Yes,Yes,Japan
Honda,Fit Shuttle,2012,"176,000 km",Automatic,Hybrid,1500.0,Registered (Used),"2026 Aug 05, 3:29 pm",Kadawatha,Rs. 8500000,https://riyasewana.com/buy/honda-fit-shuttle-sale-kadawatha-12086294,Minivan,4,Yes,Yes,Yes,Japan
Honda,Fit Shuttle,2013,"121,000 km",Automatic,Hybrid,1390.0,Registered (Used),"2026 Aug 04, 8:34 pm",Kalmunai,Rs. 8900000,https://riyasewana.com/buy/honda-fit-shuttle-sale-kalmunai-12083146,Minivan,4,Yes,Yes,Yes,Japan
Honda,Fit Shuttle,2012,"187,200 km",Automatic,Hybrid,1300.0,Registered (Used),"2026 Aug 04, 11:14 am",Kandy,Rs. 8600000,https://riyasewana.com/buy/honda-fit-shuttle-sale-kandy-12069544,Minivan,4,Yes,Yes,Yes,Japan
Honda,Fit Shuttle,2012,"185,000 km",Automatic,Hybrid,1339.0,Registered (Used),"2026 Aug 10, 10:21 am",Kegalle,Rs. 8850000,https://riyasewana.com/buy/honda-fit-shuttle-sale-kegalle-12102021,Minivan,4,Yes,Yes,Yes,Japan
Honda,Fit Shuttle,2014,"173,000 km",Automatic,Hybrid,1500.0,Registered (Used),"2026 Aug 03, 3:34 pm",Kotte,Rs. 7850000,https://riyasewana.com/buy/honda-fit-shuttle-sale-kotte-12076410,Minivan,4,Yes,Yes,Yes,Japan
Honda,Fit Shuttle,2013,"240,000 km",Automatic,Petrol,1330.0,Registered (Used),"2026 Jul 27, 2:02 pm",Negombo,Rs. 8500000,https://riyasewana.com/buy/honda-fit-shuttle-sale-negombo-12035280,Minivan,4,Yes,Yes,Yes,Japan
Honda,Fit Shuttle,2013,"176,000 km",Automatic,Petrol,1330.0,Registered (Used),"2026 Jul 31, 10:35 am",Negombo,Rs. 8875000,https://riyasewana.com/buy/honda-fit-shuttle-sale-negombo-12056091,Minivan,4,Yes,Yes,Yes,Japan
Honda,Fit Shuttle,2013,"155,000 km",Automatic,Hybrid,1330.0,Registered (Used),"2026 Aug 02, 2:01 am",Negombo,Rs. 9300000,https://riyasewana.com/buy/honda-fit-shuttle-sale-negombo-12067047,Minivan,4,Yes,Yes,Yes,Japan
Honda,Fit Shuttle,2014,"150,000 km",Automatic,Hybrid,1300.0,Registered (Used),"2026 Aug 06, 4:20 pm",Negombo,Negotiable,https://riyasewana.com/buy/honda-fit-shuttle-sale-negombo-12093260,Minivan,4,Yes,Yes,Yes,Japan
Honda,Fit Shuttle,2014,"156,000 km",Automatic,Hybrid,1330.0,Registered (Used),"2026 Aug 07, 8:06 pm",Negombo,Negotiable,https://riyasewana.com/buy/honda-fit-shuttle-sale-negombo-12100132,Minivan,4,Yes,Yes,Yes,Japan
Honda,Fit Shuttle,2012,"198,000 km",Automatic,Hybrid,,Registered (Used),"2026 Aug 10, 10:52 am",Negombo,Rs. 7950000,https://riyasewana.com/buy/honda-fit-shuttle-sale-negombo-12115671,Minivan,4,Yes,Yes,Yes,Japan
Honda,Fit Shuttle,2013,"122,888 km",Automatic,Hybrid,1330.0,Registered (Used),"2026 Aug 10, 8:30 pm",Negombo,Rs. 8950000,https://riyasewana.com/buy/honda-fit-shuttle-sale-negombo-12118512,Minivan,4,Yes,Yes,Yes,Japan
Honda,Fit Shuttle,2017,"120,000 km",Automatic,Hybrid,1500.0,Registered (Used),"2026 Aug 03, 2:25 pm",Nugegoda,Rs. 11000000,https://riyasewana.com/buy/honda-fit-shuttle-sale-nugegoda-12076118,Minivan,4,Yes,Yes,Yes,Japan
Honda,Fit Shuttle,2012,"240,000 km",Automatic,Petrol,1300.0,Registered (Used),"2026 Jul 29, 11:51 am",Panadura,Rs. 8050000,https://riyasewana.com/buy/honda-fit-shuttle-sale-panadura-12046076,Minivan,4,Yes,Yes,Yes,Japan
Honda,Fit Shuttle,2013,"250,000 km",Automatic,Petrol,1300.0,Registered (Used),"2026 Aug 08, 3:28 pm",Puttalam,Rs. 9000000,https://riyasewana.com/buy/honda-fit-shuttle-sale-puttalam-12105687,Minivan,4,Yes,Yes,Yes,Japan
Honda,Fit Shuttle GP2,2017,"77,780 km",Automatic,Petrol,1300.0,Registered (Used),"2026 Aug 10, 10:21 am",Ragama,Rs. 9600000,https://riyasewana.com/buy/honda-fit-shuttle-sale-ragama-12040386,Minivan,4,Yes,Yes,Yes,Japan
Honda,Fit Shuttle,2014,"169,000 km",Automatic,Hybrid,1330.0,Registered (Used),"2026 Aug 05, 11:32 am",Ragama,Negotiable,https://riyasewana.com/buy/honda-fit-shuttle-sale-ragama-12086009,Minivan,4,Yes,Yes,Yes,Japan
Honda,Fit Shuttle,2013,"131,000 km",Automatic,Hybrid,1330.0,Registered (Used),"2026 Aug 07, 10:42 am",Weligama,Rs. 9300000,https://riyasewana.com/buy/honda-fit-shuttle-sale-weligama-12096838,Minivan,4,Yes,Yes,Yes,Japan
